{
    "mllbb": {
        "ee_2b_2j": {
            "nominal": [
                0.0,
                43.90427756855163,
                276.3279376781395,
                989.7381867954389,
                1564.9921897668314,
                1917.9177041456499,
                1942.16377734913,
                1675.411473632132,
                1408.6410328965937,
                1010.968019828821,
                670.2852972921847,
                396.328456842998,
                214.02930999592456,
                140.08550278593194,
                49.336865883703766,
                9.254613433865488,
                0.5476310263182974
            ],
            "up": [
                0.0,
                43.90427756855163,
                276.3279376781395,
                989.7381867954389,
                1564.9921897668314,
                1917.9177041456499,
                1942.16377734913,
                1675.411473632132,
                1408.6410328965937,
                1010.968019828821,
                670.2852972921847,
                396.328456842998,
                214.02930999592456,
                147.50713878338482,
                58.21199522086743,
                12.682934677142171,
                0.7504979633784931
            ],
            "down": [
                0.0,
                43.90427756855163,
                276.3279376781395,
                989.7381867954389,
                1564.9921897668314,
                1917.9177041456499,
                1942.16377734913,
                1675.411473632132,
                1408.6410328965937,
                1010.968019828821,
                670.2852972921847,
                396.328456842998,
                214.02930999592456,
                132.66386678847906,
                40.4617365465401,
                5.8262921905888065,
                0.3447640892581018
            ]
        },
        "ee_2b_3j": {
            "nominal": [
                0.0,
                89.2863826319317,
                333.84387276698067,
                979.2710959428089,
                1535.5842159921444,
                1990.9981415162897,
                2069.7225740854537,
                1844.4223897288696,
                1618.8995838223593,
                1287.0162777325484,
                895.2318543151189,
                560.6540124702019,
                328.61095058297303,
                233.97913531206586,
                103.69651995697163,
                27.882970398129387,
                2.5338266057066035
            ],
            "up": [
                0.0,
                89.2863826319317,
                333.84387276698067,
                979.2710959428089,
                1535.5842159921444,
                2088.02049551791,
                2157.20414073582,
                1858.4959313515678,
                1658.5066736717226,
                1397.2752323827283,
                994.3889896556622,
                616.5121783800124,
                370.5156535553405,
                253.10672366072436,
                103.69651995697163,
                27.882970398129387,
                2.5338266057066035
            ],
            "down": [
                0.0,
                89.2863826319317,
                333.84387276698067,
                979.2710959428089,
                1535.5842159921444,
                1893.975787514669,
                1982.2410074350876,
                1830.3488481061713,
                1579.292493972996,
                1176.7573230823684,
                796.0747189745756,
                504.7958465603914,
                286.70624761060554,
                214.85154696340737,
                103.69651995697163,
                27.882970398129387,
                2.5338266057066035
            ]
        },
        "mm_2b_2j": {
            "nominal": [
                0.0,
                3.390425959866307,
                47.56981927716744,
                376.44970173005765,
                891.0823821973692,
                1383.5952080427269,
                1627.1794079437814,
                1565.3751190731248,
                1427.3756299953577,
                1149.795925581208,
                792.7987040203208,
                501.1034094638974,
                285.93517992981344,
                198.77884856291973,
                80.6895429177651,
                16.17668946882884,
                0.7436282769902365
            ],
            "up": [
                0.0,
                3.805159521354682,
                50.45601513859365,
                376.44970173005765,
                891.0823821973692,
                1383.5952080427269,
                1627.1794079437814,
                1565.3751190731248,
                1427.3756299953577,
                1149.795925581208,
                792.7987040203208,
                501.1034094638974,
                285.93517992981344,
                212.5483037548256,
                87.9644089907304,
                18.931311678882494,
                0.8702558525376539
            ],
            "down": [
                0.0,
                2.975692398377932,
                44.68362341574123,
                376.44970173005765,
                891.0823821973692,
                1383.5952080427269,
                1627.1794079437814,
                1565.3751190731248,
                1427.3756299953577,
                1149.795925581208,
                792.7987040203208,
                501.1034094638974,
                285.93517992981344,
                185.00939337101386,
                73.41467684479979,
                13.422067258775186,
                0.617000701442819
            ]
        },
        "mm_2b_3j": {
            "nominal": [
                0.0,
                20.663826794910022,
                91.99898652232392,
                456.38002768516446,
                990.2481930413223,
                1493.2731981166007,
                1817.733279950862,
                1767.644710779517,
                1726.8201311374175,
                1445.5671057740458,
                1072.1786216271878,
                715.4870737403423,
                440.4459741263736,
                339.9484557501881,
                150.74042881750202,
                45.13075567046019,
                4.541478201428777
            ],
            "up": [
                0.0,
                22.03481100676359,
                103.50315042281562,
                456.38002768516446,
                998.0054441732011,
                1493.2731981166007,
                1891.739637253319,
                1767.644710779517,
                1828.477367117192,
                1566.297172301359,
                1182.492918424446,
                786.7282940511814,
                497.0405046342284,
                376.6421085273922,
                159.32482423937344,
                45.13075567046019,
                4.541478201428777
            ],
            "down": [
                0.0,
                19.292842583056455,
                80.49482262183221,
                456.38002768516446,
                982.4909419094436,
                1493.2731981166007,
                1743.726922648405,
                1767.644710779517,
                1625.162895157643,
                1324.8370392467325,
                961.8643248299295,
                644.2458534295033,
                383.8514436185188,
                303.25480297298395,
                142.1560333956306,
                45.13075567046019,
                4.541478201428777
            ]
        },