{
    "mllbb": {
        "ee_2b_2j": {
            "nominal": [
                43.90427756855163,
                43.90427756855163,
                276.3279376781395,
                989.7381867954389,
                1564.9921897668314,
                1917.9177041456499,
                1942.16377734913,
                1675.411473632132,
                1408.6410328965937,
                1010.968019828821,
                670.2852972921847,
                396.328456842998,
                214.02930999592456,
                140.08550278593194,
                49.336865883703766,
                9.254613433865488,
                9.254613433865488
            ],
            "up": [
                43.90427756855163,
                43.90427756855163,
                276.3279376781395,
                989.7381867954389,
                1564.9921897668314,
                1917.9177041456499,
                1942.16377734913,
                1675.411473632132,
                1408.6410328965937,
                1010.968019828821,
                670.2852972921847,
                396.328456842998,
                214.02930999592456,
                147.50713878338482,
                58.21199522086743,
                12.682934677142171,
                12.682934677142171
            ],
            "down": [
                43.90427756855163,
                43.90427756855163,
                276.3279376781395,
                989.7381867954389,
                1564.9921897668314,
                1917.9177041456499,
                1942.16377734913,
                1675.411473632132,
                1408.6410328965937,
                1010.968019828821,
                670.2852972921847,
                396.328456842998,
                214.02930999592456,
                140.08550278593194,
                49.336865883703766,
                9.254613433865488,
                9.254613433865488
            ]
        },
        "ee_2b_3j": {
            "nominal": [
                89.2863826319317,
                89.2863826319317,
                333.84387276698067,
                979.2710959428089,
                1535.5842159921444,
                1990.9981415162897,
                2069.7225740854537,
                1844.4223897288696,
                1618.8995838223593,
                1287.0162777325484,
                895.2318543151189,
                560.6540124702019,
                328.61095058297303,
                233.97913531206586,
                103.69651995697163,
                27.882970398129387,
                27.882970398129387
            ],
            "up": [
                89.2863826319317,
                89.2863826319317,
                333.84387276698067,
                979.2710959428089,
                1535.5842159921444,
                1990.9981415162897,
                2069.7225740854537,
                1844.4223897288696,
                1618.8995838223593,
                1287.0162777325484,
                895.2318543151189,
                560.6540124702019,
                328.61095058297303,
                233.97913531206586,
                103.69651995697163,
                27.882970398129387,
                27.882970398129387
            ],
            "down": [
                89.2863826319317,
                89.2863826319317,
                333.84387276698067,
                979.2710959428089,
                1535.5842159921444,
                1906.4558236505382,
                2046.133431999238,
                1844.4223897288696,
                1609.0879988389595,
                1182.2649935095362,
                799.1064397467885,
                508.8805710156054,
                287.03941975592716,
                214.85154696340737,
                103.69651995697163,
                27.882970398129387,
                27.882970398129387
            ]
        },
        "mm_2b_2j": {
            "nominal": [
                3.390425959866307,
                3.390425959866307,
                47.56981927716744,
                376.44970173005765,
                891.0823821973692,
                1383.5952080427269,
                1627.1794079437814,
                1565.3751190731248,
                1427.3756299953577,
                1149.795925581208,
                792.7987040203208,
                501.1034094638974,
                285.93517992981344,
                198.77884856291973,
                80.6895429177651,
                16.17668946882884,
                16.17668946882884
            ],
            "up": [
                3.390425959866307,
                3.390425959866307,
                50.45601513859365,
                376.44970173005765,
                891.0823821973692,
                1383.5952080427269,
                1627.1794079437814,
                1565.3751190731248,
                1427.3756299953577,
                1149.795925581208,
                792.7987040203208,
                501.1034094638974,
                285.93517992981344,
                211.8232836759839,
                87.9644089907304,
                18.910539918527316,
                18.910539918527316
            ],
            "down": [
                2.976037771200502,
                2.976037771200502,
                47.56981927716744,
                376.44970173005765,
                891.0823821973692,
                1383.5952080427269,
                1627.1794079437814,
                1565.3751190731248,
                1427.3756299953577,
                1149.795925581208,
                792.7987040203208,
                501.1034094638974,
                285.93517992981344,
                198.77884856291973,
                80.6895429177651,
                16.17668946882884,
                16.17668946882884
            ]
        },
        "mm_2b_3j": {
            "nominal": [
                20.663826794910022,
                20.663826794910022,
                91.99898652232392,
                456.38002768516446,
                990.2481930413223,
                1493.2731981166007,
                1817.733279950862,
                1767.644710779517,
                1726.8201311374175,
                1445.5671057740458,
                1072.1786216271878,
                715.4870737403423,
                440.4459741263736,
                339.9484557501881,
                150.74042881750202,
                45.13075567046019,
                45.13075567046019
            ],
            "up": [
                21.825276201331103,
                21.825276201331103,
                102.58940261948229,
                456.38002768516446,
                990.2481930413223,
                1493.2731981166007,
                1817.733279950862,
                1767.644710779517,
                1726.8201311374175,
                1445.5671057740458,
                1072.1786216271878,
                715.4870737403423,
                440.4459741263736,
                339.9484557501881,
                150.74042881750202,
                45.13075567046019,
                45.13075567046019
            ],
            "down": [
                20.663826794910022,
                20.663826794910022,
                91.99898652232392,
                456.38002768516446,
                990.2481930413223,
                1493.2731981166007,
                1767.3290248163908,
                1767.644710779517,
                1651.8011957273372,
                1328.015387581928,
                967.7322673885074,
                644.2458534295033,
                383.8514436185188,
                303.25480297298395,
                142.1560333956306,
                45.13075567046019,
                45.13075567046019
            ]
        },