{
  "xsec": 0.281,
  "year": "2016APV",
  "treeName": "Events",
  "histAxisName": "ttZ_centralUL16APV",
  "options": "",
  "WCnames": [],
  "files": [
    "/store/user/hnelson2/skims/mc/ptSkim/background/UL16APV_TTZToLLNuNu_M_10/output_808.root",
    "/store/user/hnelson2/skims/mc/ptSkim/background/UL16APV_TTZToLLNuNu_M_10/output_2254.root",
    "/store/user/hnelson2/skims/mc/ptSkim/background/UL16APV_TTZToLLNuNu_M_10/output_99.root",
    "/store/user/hnelson2/skims/mc/ptSkim/background/UL16APV_TTZToLLNuNu_M_10/output_3.root",
    "/store/user/hnelson2/skims/mc/ptSkim/background/UL16APV_TTZToLLNuNu_M_10/output_1902.root",
    "/store/user/hnelson2/skims/mc/ptSkim/background/UL16APV_TTZToLLNuNu_M_10/output_2264.root",
    "/store/user/hnelson2/skims/mc/ptSkim/background/UL16APV_TTZToLLNuNu_M_10/output_1893.root"
  ],
  "nEvents": 5792000,
  "nSumOfWeights": 1415599.9287821203,
  "isData": false,
  "path": "/store/mc/RunIISummer20UL16NanoAODAPVv9/TTZToLLNuNu_M-10_TuneCP5_13TeV-amcatnlo-pythia8/NANOAODSIM/",
  "nSumOfWeights_ISRUp": 1415693.8210060543,
  "nSumOfWeights_ISRDown": 1415408.077060147,
  "nSumOfWeights_FSRUp": 1416332.8557227552,
  "nSumOfWeights_FSRDown": 1414590.0106199556,
  "nSumOfWeights_renormUp": 1299496.3867377187,
  "nSumOfWeights_renormDown": 1526304.8991390874,
  "nSumOfWeights_factUp": 1384676.188476469,
  "nSumOfWeights_factDown": 1453578.077718712,
  "nSumOfWeights_renormfactUp": 1261231.3757197743,
  "nSumOfWeights_renormfactDown": 1548697.4750139634,
  "nSumOfWeights_LHEPDFweights0": 1415599.9264906645,
  "nSumOfWeights_LHEPDFweights1": 1414457.995324748,
  "nSumOfWeights_LHEPDFweights2": 1413195.9750443595,
  "nSumOfWeights_LHEPDFweights3": 1415823.0261369166,
  "nSumOfWeights_LHEPDFweights4": 1418333.7671585788,
  "nSumOfWeights_LHEPDFweights5": 1412417.4885894514,
  "nSumOfWeights_LHEPDFweights6": 1417406.4289058484,
  "nSumOfWeights_LHEPDFweights7": 1412646.634165347,
  "nSumOfWeights_LHEPDFweights8": 1412492.2938913424,
  "nSumOfWeights_LHEPDFweights9": 1417029.7196792162,
  "nSumOfWeights_LHEPDFweights10": 1413741.8025288437,
  "nSumOfWeights_LHEPDFweights11": 1418451.2417209565,
  "nSumOfWeights_LHEPDFweights12": 1416235.0097227818,
  "nSumOfWeights_LHEPDFweights13": 1419502.8711178503,
  "nSumOfWeights_LHEPDFweights14": 1418300.418372693,
  "nSumOfWeights_LHEPDFweights15": 1421380.6122537665,
  "nSumOfWeights_LHEPDFweights16": 1417312.8836611828,
  "nSumOfWeights_LHEPDFweights17": 1417929.9548934128,
  "nSumOfWeights_LHEPDFweights18": 1409769.8432256829,
  "nSumOfWeights_LHEPDFweights19": 1412858.7525318237,
  "nSumOfWeights_LHEPDFweights20": 1416142.2649938315,
  "nSumOfWeights_LHEPDFweights21": 1411494.5258049367,
  "nSumOfWeights_LHEPDFweights22": 1416772.7942330758,
  "nSumOfWeights_LHEPDFweights23": 1416375.3408333063,
  "nSumOfWeights_LHEPDFweights24": 1410382.2368215253,
  "nSumOfWeights_LHEPDFweights25": 1415244.25952545,
  "nSumOfWeights_LHEPDFweights26": 1415054.9219488918,
  "nSumOfWeights_LHEPDFweights27": 1417063.9836453267,
  "nSumOfWeights_LHEPDFweights28": 1415071.48660936,
  "nSumOfWeights_LHEPDFweights29": 1414640.4409982988,
  "nSumOfWeights_LHEPDFweights30": 1416773.3794975213,
  "nSumOfWeights_LHEPDFweights31": 1415101.1107004175,
  "nSumOfWeights_LHEPDFweights32": 1414794.3874555184,
  "nSumOfWeights_LHEPDFweights33": 1415787.5474956788,
  "nSumOfWeights_LHEPDFweights34": 1413726.0928464932,
  "nSumOfWeights_LHEPDFweights35": 1415712.3256856806,
  "nSumOfWeights_LHEPDFweights36": 1416031.421722271,
  "nSumOfWeights_LHEPDFweights37": 1414907.2840821277,
  "nSumOfWeights_LHEPDFweights38": 1416209.2093408853,
  "nSumOfWeights_LHEPDFweights39": 1414369.49189026,
  "nSumOfWeights_LHEPDFweights40": 1414272.2186137366,
  "nSumOfWeights_LHEPDFweights41": 1414127.6373090558,
  "nSumOfWeights_LHEPDFweights42": 1414913.1364844136,
  "nSumOfWeights_LHEPDFweights43": 1414863.5799070538,
  "nSumOfWeights_LHEPDFweights44": 1415459.4127999025,
  "nSumOfWeights_LHEPDFweights45": 1414886.471281998,
  "nSumOfWeights_LHEPDFweights46": 1413161.7082550614,
  "nSumOfWeights_LHEPDFweights47": 1415687.4542047267,
  "nSumOfWeights_LHEPDFweights48": 1416726.1382513943,
  "nSumOfWeights_LHEPDFweights49": 1413303.696022569,
  "nSumOfWeights_LHEPDFweights50": 1414781.180763957,
  "nSumOfWeights_LHEPDFweights51": 1416076.7511885124,
  "nSumOfWeights_LHEPDFweights52": 1416738.9540501593,
  "nSumOfWeights_LHEPDFweights53": 1415484.2298282678,
  "nSumOfWeights_LHEPDFweights54": 1415369.0925736853,
  "nSumOfWeights_LHEPDFweights55": 1414941.6617832605,
  "nSumOfWeights_LHEPDFweights56": 1415765.8406954913,
  "nSumOfWeights_LHEPDFweights57": 1415747.0979643278,
  "nSumOfWeights_LHEPDFweights58": 1416409.1516846574,
  "nSumOfWeights_LHEPDFweights59": 1416469.6418118267,
  "nSumOfWeights_LHEPDFweights60": 1416156.2791465267,
  "nSumOfWeights_LHEPDFweights61": 1415902.4103488978,
  "nSumOfWeights_LHEPDFweights62": 1416510.8315744903,
  "nSumOfWeights_LHEPDFweights63": 1415675.2083111752,
  "nSumOfWeights_LHEPDFweights64": 1415808.4410218284,
  "nSumOfWeights_LHEPDFweights65": 1416403.6183063919,
  "nSumOfWeights_LHEPDFweights66": 1415839.172629793,
  "nSumOfWeights_LHEPDFweights67": 1415317.3120566,
  "nSumOfWeights_LHEPDFweights68": 1416866.1354675775,
  "nSumOfWeights_LHEPDFweights69": 1414981.2800903972,
  "nSumOfWeights_LHEPDFweights70": 1416543.5762734122,
  "nSumOfWeights_LHEPDFweights71": 1415025.7783412782,
  "nSumOfWeights_LHEPDFweights72": 1414494.3244330636,
  "nSumOfWeights_LHEPDFweights73": 1415888.8524971195,
  "nSumOfWeights_LHEPDFweights74": 1414287.9896852225,
  "nSumOfWeights_LHEPDFweights75": 1415334.088700393,
  "nSumOfWeights_LHEPDFweights76": 1415711.1176790902,
  "nSumOfWeights_LHEPDFweights77": 1416426.117707966,
  "nSumOfWeights_LHEPDFweights78": 1416200.2767431885,
  "nSumOfWeights_LHEPDFweights79": 1414817.4937215722,
  "nSumOfWeights_LHEPDFweights80": 1415603.6649060422,
  "nSumOfWeights_LHEPDFweights81": 1415330.3840094046,
  "nSumOfWeights_LHEPDFweights82": 1416099.7952967414,
  "nSumOfWeights_LHEPDFweights83": 1416569.1812572815,
  "nSumOfWeights_LHEPDFweights84": 1415616.176021859,
  "nSumOfWeights_LHEPDFweights85": 1415443.4784865738,
  "nSumOfWeights_LHEPDFweights86": 1415512.0478656683,
  "nSumOfWeights_LHEPDFweights87": 1416399.9811061628,
  "nSumOfWeights_LHEPDFweights88": 1415187.7911738865,
  "nSumOfWeights_LHEPDFweights89": 1415159.4372065635,
  "nSumOfWeights_LHEPDFweights90": 1415912.279529523,
  "nSumOfWeights_LHEPDFweights91": 1416034.438055113,
  "nSumOfWeights_LHEPDFweights92": 1415984.771885978,
  "nSumOfWeights_LHEPDFweights93": 1415021.8521005413,
  "nSumOfWeights_LHEPDFweights94": 1415803.2183842808,
  "nSumOfWeights_LHEPDFweights95": 1416125.7523326138,
  "nSumOfWeights_LHEPDFweights96": 1415223.5006559803,
  "nSumOfWeights_LHEPDFweights97": 1415979.9428453036,
  "nSumOfWeights_LHEPDFweights98": 1415923.0851916205,
  "nSumOfWeights_LHEPDFweights99": 1416069.1149756834,
  "nSumOfWeights_LHEPDFweights100": 1415588.012894243,
  "nSumOfWeights_LHEPDFweights101": 1377405.7077289731,
  "nSumOfWeights_LHEPDFweights102": 1456930.187066491,
  "nSumOfWeights_hdampUp": 1415599.9264906645,
  "nSumOfWeights_hdampDown": 1415599.9264906645,
  "nSumOfWeights_toppt": 1415599.9264906645
}