{
  "xsec": 3.697,
  "year": "2016",
  "treeName": "Events",
  "histAxisName": "TTGJets_centralUL16",
  "options": "",
  "WCnames": [],
  "files": [
    "/store/user/hnelson2/skims/mc/ptSkim/background/UL16_TTGJets/output_2239.root",
    "/store/user/hnelson2/skims/mc/ptSkim/background/UL16_TTGJets/output_2261.root"
  ],
  "nEvents": 1416230,
  "nSumOfWeights": 8868804.739200002,
  "isData": false,
  "path": "/store/mc/RunIISummer20UL16NanoAODv9/TTGJets_TuneCP5_13TeV-amcatnloFXFX-madspin-pythia8/NANOAODSIM/",
  "nSumOfWeights_ISRUp": 9027062.011607777,
  "nSumOfWeights_ISRDown": 8678080.889608536,
  "nSumOfWeights_FSRUp": 8883075.204081357,
  "nSumOfWeights_FSRDown": 8825215.223699242,
  "nSumOfWeights_renormUp": 7996990.713154374,
  "nSumOfWeights_renormDown": 9489778.752668591,
  "nSumOfWeights_factUp": 8753568.90752426,
  "nSumOfWeights_factDown": 9016993.577526597,
  "nSumOfWeights_renormfactUp": 7796807.067791028,
  "nSumOfWeights_renormfactDown": 9423890.975663733,
  "nSumOfWeights_LHEPDFweights0": 8868805.091133118,
  "nSumOfWeights_LHEPDFweights1": 8863775.205383793,
  "nSumOfWeights_LHEPDFweights2": 8857050.75437653,
  "nSumOfWeights_LHEPDFweights3": 8866273.06430819,
  "nSumOfWeights_LHEPDFweights4": 8885804.315330267,
  "nSumOfWeights_LHEPDFweights5": 8850172.28397423,
  "nSumOfWeights_LHEPDFweights6": 8880420.899435222,
  "nSumOfWeights_LHEPDFweights7": 8862976.071958482,
  "nSumOfWeights_LHEPDFweights8": 8858972.57687521,
  "nSumOfWeights_LHEPDFweights9": 8876589.636848822,
  "nSumOfWeights_LHEPDFweights10": 8857458.28681119,
  "nSumOfWeights_LHEPDFweights11": 8881202.654380769,
  "nSumOfWeights_LHEPDFweights12": 8873410.348673392,
  "nSumOfWeights_LHEPDFweights13": 8886691.158172198,
  "nSumOfWeights_LHEPDFweights14": 8886592.44069457,
  "nSumOfWeights_LHEPDFweights15": 8895637.982521333,
  "nSumOfWeights_LHEPDFweights16": 8878340.767304063,
  "nSumOfWeights_LHEPDFweights17": 8883437.913748208,
  "nSumOfWeights_LHEPDFweights18": 8840151.610393554,
  "nSumOfWeights_LHEPDFweights19": 8852536.824462295,
  "nSumOfWeights_LHEPDFweights20": 8864732.4470354,
  "nSumOfWeights_LHEPDFweights21": 8848644.454998871,
  "nSumOfWeights_LHEPDFweights22": 8872041.812245399,
  "nSumOfWeights_LHEPDFweights23": 8871540.477176785,
  "nSumOfWeights_LHEPDFweights24": 8841125.740902305,
  "nSumOfWeights_LHEPDFweights25": 8869094.259562463,
  "nSumOfWeights_LHEPDFweights26": 8861478.604102373,
  "nSumOfWeights_LHEPDFweights27": 8869389.721316397,
  "nSumOfWeights_LHEPDFweights28": 8866500.982436016,
  "nSumOfWeights_LHEPDFweights29": 8858639.37814188,
  "nSumOfWeights_LHEPDFweights30": 8874907.779945824,
  "nSumOfWeights_LHEPDFweights31": 8859140.514103055,
  "nSumOfWeights_LHEPDFweights32": 8866336.451985091,
  "nSumOfWeights_LHEPDFweights33": 8867024.758895982,
  "nSumOfWeights_LHEPDFweights34": 8855558.106087822,
  "nSumOfWeights_LHEPDFweights35": 8868854.2517596,
  "nSumOfWeights_LHEPDFweights36": 8878472.554565683,
  "nSumOfWeights_LHEPDFweights37": 8867449.61797786,
  "nSumOfWeights_LHEPDFweights38": 8870307.020280182,
  "nSumOfWeights_LHEPDFweights39": 8864588.166880198,
  "nSumOfWeights_LHEPDFweights40": 8862586.660977859,
  "nSumOfWeights_LHEPDFweights41": 8863647.885073185,
  "nSumOfWeights_LHEPDFweights42": 8871072.749844313,
  "nSumOfWeights_LHEPDFweights43": 8865548.02807777,
  "nSumOfWeights_LHEPDFweights44": 8869675.649170823,
  "nSumOfWeights_LHEPDFweights45": 8865532.005232602,
  "nSumOfWeights_LHEPDFweights46": 8857329.205115058,
  "nSumOfWeights_LHEPDFweights47": 8867489.240541652,
  "nSumOfWeights_LHEPDFweights48": 8869975.776970178,
  "nSumOfWeights_LHEPDFweights49": 8855309.994688734,
  "nSumOfWeights_LHEPDFweights50": 8865017.737993255,
  "nSumOfWeights_LHEPDFweights51": 8869721.294191211,
  "nSumOfWeights_LHEPDFweights52": 8875452.418481857,
  "nSumOfWeights_LHEPDFweights53": 8867552.534904355,
  "nSumOfWeights_LHEPDFweights54": 8867229.236475945,
  "nSumOfWeights_LHEPDFweights55": 8865880.470366836,
  "nSumOfWeights_LHEPDFweights56": 8868342.772382565,
  "nSumOfWeights_LHEPDFweights57": 8873998.541167498,
  "nSumOfWeights_LHEPDFweights58": 8873849.627011437,
  "nSumOfWeights_LHEPDFweights59": 8871547.255050257,
  "nSumOfWeights_LHEPDFweights60": 8868749.181679893,
  "nSumOfWeights_LHEPDFweights61": 8868486.659507237,
  "nSumOfWeights_LHEPDFweights62": 8872561.607030481,
  "nSumOfWeights_LHEPDFweights63": 8871660.582020445,
  "nSumOfWeights_LHEPDFweights64": 8869548.782923238,
  "nSumOfWeights_LHEPDFweights65": 8874468.088208556,
  "nSumOfWeights_LHEPDFweights66": 8867754.158135593,
  "nSumOfWeights_LHEPDFweights67": 8866851.792361245,
  "nSumOfWeights_LHEPDFweights68": 8873272.939241678,
  "nSumOfWeights_LHEPDFweights69": 8867244.537317753,
  "nSumOfWeights_LHEPDFweights70": 8870152.43027237,
  "nSumOfWeights_LHEPDFweights71": 8863996.331211805,
  "nSumOfWeights_LHEPDFweights72": 8865482.84851852,
  "nSumOfWeights_LHEPDFweights73": 8871705.674865905,
  "nSumOfWeights_LHEPDFweights74": 8865271.849823195,
  "nSumOfWeights_LHEPDFweights75": 8866994.409250736,
  "nSumOfWeights_LHEPDFweights76": 8867817.383115113,
  "nSumOfWeights_LHEPDFweights77": 8873094.00663209,
  "nSumOfWeights_LHEPDFweights78": 8870674.245453954,
  "nSumOfWeights_LHEPDFweights79": 8864385.650702208,
  "nSumOfWeights_LHEPDFweights80": 8869497.199763983,
  "nSumOfWeights_LHEPDFweights81": 8866841.38660653,
  "nSumOfWeights_LHEPDFweights82": 8869325.336084604,
  "nSumOfWeights_LHEPDFweights83": 8873581.10927558,
  "nSumOfWeights_LHEPDFweights84": 8869612.53770256,
  "nSumOfWeights_LHEPDFweights85": 8870056.574232846,
  "nSumOfWeights_LHEPDFweights86": 8867139.652637243,
  "nSumOfWeights_LHEPDFweights87": 8869153.542920709,
  "nSumOfWeights_LHEPDFweights88": 8867280.118614465,
  "nSumOfWeights_LHEPDFweights89": 8868235.767555773,
  "nSumOfWeights_LHEPDFweights90": 8869404.72483468,
  "nSumOfWeights_LHEPDFweights91": 8870672.650334954,
  "nSumOfWeights_LHEPDFweights92": 8871815.464913845,
  "nSumOfWeights_LHEPDFweights93": 8866648.483443387,
  "nSumOfWeights_LHEPDFweights94": 8869181.756455421,
  "nSumOfWeights_LHEPDFweights95": 8870959.15280056,
  "nSumOfWeights_LHEPDFweights96": 8868433.781157851,
  "nSumOfWeights_LHEPDFweights97": 8870674.434838295,
  "nSumOfWeights_LHEPDFweights98": 8868422.278216124,
  "nSumOfWeights_LHEPDFweights99": 8869297.888867378,
  "nSumOfWeights_LHEPDFweights100": 8868729.611143112,
  "nSumOfWeights_LHEPDFweights101": 8520326.41605512,
  "nSumOfWeights_LHEPDFweights102": 9242453.759307021,
  "nSumOfWeights_hdampUp": 8868805.091133118,
  "nSumOfWeights_hdampDown": 8868805.091133118,
  "nSumOfWeights_toppt": 8868805.091133118
}