{
  "xsec": 3.697,
  "year": "2016",
  "treeName": "Events",
  "histAxisName": "TTGJets_centralUL16",
  "options": "",
  "WCnames": [],
  "files": [
    "/store/user/hnelson2/skims/mc/ptSkim/background/UL16_TTGJets/output_2239.root",
    "/store/user/hnelson2/skims/mc/ptSkim/background/UL16_TTGJets/output_2261.root"
  ],
  "nEvents": 1416230,
  "nSumOfWeights": 119548.21146392822,
  "isData": false,
  "path": "/store/mc/RunIISummer20UL16NanoAODv9/TTGJets_TuneCP5_13TeV-amcatnloFXFX-madspin-pythia8/NANOAODSIM/106X_mcRun2_asymptotic_v17-v1/280000",
  "nSumOfWeights_ISRUp": 121328.43921279907,
  "nSumOfWeights_ISRDown": 117496.50146865845,
  "nSumOfWeights_FSRUp": 119784.82379245758,
  "nSumOfWeights_FSRDown": 117168.15868091583,
  "nSumOfWeights_renormUp": 107929.15132116408,
  "nSumOfWeights_renormDown": 127606.47224062472,
  "nSumOfWeights_factUp": 117920.44374973874,
  "nSumOfWeights_factDown": 121613.14616306359,
  "nSumOfWeights_renormfactUp": 105173.35663432209,
  "nSumOfWeights_renormfactDown": 126810.34265637497
}