{
  "xsec": 19.47,
  "year": "2016APV",
  "treeName": "Events",
  "histAxisName": "TW_NoFullyHadronicDecays_centralUL16APV",
  "options": "",
  "WCnames": [],
  "files": [
    "/store/user/hnelson2/skims/mc/ptSkim/tW_NoFullyHadronicDecays/UL16APV_TW_top_5f_NoFullyHadronicDecays/output_23.root",
    "/store/user/hnelson2/skims/mc/ptSkim/tW_NoFullyHadronicDecays/UL16APV_TW_top_5f_NoFullyHadronicDecays/output_21.root",
    "/store/user/hnelson2/skims/mc/ptSkim/tW_NoFullyHadronicDecays/UL16APV_TW_top_5f_NoFullyHadronicDecays/output_22.root",
    "/store/user/hnelson2/skims/mc/ptSkim/tW_NoFullyHadronicDecays/UL16APV_TW_top_5f_NoFullyHadronicDecays/output_3.root"
  ],
  "nEvents": 3294673,
  "nSumOfWeights": 106897143.14050001,
  "isData": false,
  "path": "/store/mc/RunIISummer20UL16NanoAODAPVv9/ST_tW_top_5f_NoFullyHadronicDecays_TuneCP5_13TeV-powheg-pythia8/NANOAODSIM/",
  "nSumOfWeights_ISRUp": 106902344.16142225,
  "nSumOfWeights_ISRDown": 106892568.49740602,
  "nSumOfWeights_FSRUp": 106872006.7079578,
  "nSumOfWeights_FSRDown": 106938606.30267242,
  "nSumOfWeights_renormUp": 101823807.16715664,
  "nSumOfWeights_renormDown": 112063964.03773025,
  "nSumOfWeights_factUp": 109824173.89092442,
  "nSumOfWeights_factDown": 103927133.5629323,
  "nSumOfWeights_renormfactUp": 104939389.61239308,
  "nSumOfWeights_renormfactDown": 109882203.19007483,
  "nSumOfWeights_LHEPDFweights0": -6890790.113518793,
  "nSumOfWeights_LHEPDFweights1": -6819312.583280563,
  "nSumOfWeights_LHEPDFweights2": -6838175.222469638,
  "nSumOfWeights_LHEPDFweights3": -6955187.072603695,
  "nSumOfWeights_LHEPDFweights4": -6941436.148854053,
  "nSumOfWeights_LHEPDFweights5": -6941934.369036258,
  "nSumOfWeights_LHEPDFweights6": -6966248.840004085,
  "nSumOfWeights_LHEPDFweights7": -6813427.716759879,
  "nSumOfWeights_LHEPDFweights8": -6823180.874465545,
  "nSumOfWeights_LHEPDFweights9": -6980036.734774743,
  "nSumOfWeights_LHEPDFweights10": -6972598.296945794,
  "nSumOfWeights_LHEPDFweights11": -7025396.214778036,
  "nSumOfWeights_LHEPDFweights12": -6798274.951553887,
  "nSumOfWeights_LHEPDFweights13": -6832016.348480009,
  "nSumOfWeights_LHEPDFweights14": -6804013.7920159325,
  "nSumOfWeights_LHEPDFweights15": -7014536.4372031875,
  "nSumOfWeights_LHEPDFweights16": -7019903.720718124,
  "nSumOfWeights_LHEPDFweights17": -7027722.283154372,
  "nSumOfWeights_LHEPDFweights18": -6865899.454566758,
  "nSumOfWeights_LHEPDFweights19": -6812408.14396593,
  "nSumOfWeights_LHEPDFweights20": -6908985.462636519,
  "nSumOfWeights_LHEPDFweights21": -6704843.895311668,
  "nSumOfWeights_LHEPDFweights22": -6823410.522567922,
  "nSumOfWeights_LHEPDFweights23": -6821022.285862552,
  "nSumOfWeights_LHEPDFweights24": -6795154.203130262,
  "nSumOfWeights_LHEPDFweights25": -6763759.496570209,
  "nSumOfWeights_LHEPDFweights26": -6927908.217030896,
  "nSumOfWeights_LHEPDFweights27": -6840807.299738234,
  "nSumOfWeights_LHEPDFweights28": -6785073.653562643,
  "nSumOfWeights_LHEPDFweights29": -7001413.612834819,
  "nSumOfWeights_LHEPDFweights30": -6979780.419377916,
  "nSumOfWeights_LHEPDFweights31": -6913180.903523221,
  "nSumOfWeights_LHEPDFweights32": -6921769.605399985,
  "nSumOfWeights_LHEPDFweights33": -6818889.26570496,
  "nSumOfWeights_LHEPDFweights34": -6826243.9798976425,
  "nSumOfWeights_LHEPDFweights35": -7054222.133717598,
  "nSumOfWeights_LHEPDFweights36": -6861063.831206506,
  "nSumOfWeights_LHEPDFweights37": -6940690.139270669,
  "nSumOfWeights_LHEPDFweights38": -6888053.41666718,
  "nSumOfWeights_LHEPDFweights39": -6799275.74733256,
  "nSumOfWeights_LHEPDFweights40": -6851926.235247436,
  "nSumOfWeights_LHEPDFweights41": -6939221.124279512,
  "nSumOfWeights_LHEPDFweights42": -6746123.716959028,
  "nSumOfWeights_LHEPDFweights43": -6882349.676044436,
  "nSumOfWeights_LHEPDFweights44": -6762245.434083477,
  "nSumOfWeights_LHEPDFweights45": -6922668.23985956,
  "nSumOfWeights_LHEPDFweights46": -6941329.193241283,
  "nSumOfWeights_LHEPDFweights47": -6716855.598218525,
  "nSumOfWeights_LHEPDFweights48": -6794727.488175874,
  "nSumOfWeights_LHEPDFweights49": -6966021.105103622,
  "nSumOfWeights_LHEPDFweights50": -6986240.3580979835,
  "nSumOfWeights_LHEPDFweights51": -6845196.069189269,
  "nSumOfWeights_LHEPDFweights52": -6775748.476134162,
  "nSumOfWeights_LHEPDFweights53": -6878984.470602974,
  "nSumOfWeights_LHEPDFweights54": -6826976.517909046,
  "nSumOfWeights_LHEPDFweights55": -6811965.92174865,
  "nSumOfWeights_LHEPDFweights56": -6842939.068504267,
  "nSumOfWeights_LHEPDFweights57": -6850316.625063866,
  "nSumOfWeights_LHEPDFweights58": -6765046.240716495,
  "nSumOfWeights_LHEPDFweights59": -7075981.898807079,
  "nSumOfWeights_LHEPDFweights60": -6942458.567892937,
  "nSumOfWeights_LHEPDFweights61": -6868017.61301681,
  "nSumOfWeights_LHEPDFweights62": -6881330.900415423,
  "nSumOfWeights_LHEPDFweights63": -6820011.006169479,
  "nSumOfWeights_LHEPDFweights64": -6885982.583826342,
  "nSumOfWeights_LHEPDFweights65": -6852990.938088387,
  "nSumOfWeights_LHEPDFweights66": -6916899.23981148,
  "nSumOfWeights_LHEPDFweights67": -6703626.4898737725,
  "nSumOfWeights_LHEPDFweights68": -7012707.341415985,
  "nSumOfWeights_LHEPDFweights69": -6834234.567249002,
  "nSumOfWeights_LHEPDFweights70": -6725199.399783528,
  "nSumOfWeights_LHEPDFweights71": -7030315.8211950185,
  "nSumOfWeights_LHEPDFweights72": -7007108.078536283,
  "nSumOfWeights_LHEPDFweights73": -7008363.525457853,
  "nSumOfWeights_LHEPDFweights74": -7022458.330144666,
  "nSumOfWeights_LHEPDFweights75": -6970128.570047623,
  "nSumOfWeights_LHEPDFweights76": -7050255.034702004,
  "nSumOfWeights_LHEPDFweights77": -6848694.299978389,
  "nSumOfWeights_LHEPDFweights78": -6909872.238496867,
  "nSumOfWeights_LHEPDFweights79": -6935254.994971845,
  "nSumOfWeights_LHEPDFweights80": -6817277.424369439,
  "nSumOfWeights_LHEPDFweights81": -6723014.186221169,
  "nSumOfWeights_LHEPDFweights82": -7019903.720718124,
  "nSumOfWeights_LHEPDFweights83": -6792487.496999347,
  "nSumOfWeights_LHEPDFweights84": -6924980.639327932,
  "nSumOfWeights_LHEPDFweights85": -6999234.096159228,
  "nSumOfWeights_LHEPDFweights86": -6691351.158839274,
  "nSumOfWeights_LHEPDFweights87": -6982911.854274462,
  "nSumOfWeights_LHEPDFweights88": -6918406.394886732,
  "nSumOfWeights_LHEPDFweights89": -7098920.203504046,
  "nSumOfWeights_LHEPDFweights90": -6789529.58596875,
  "nSumOfWeights_LHEPDFweights91": -6816736.645402057,
  "nSumOfWeights_LHEPDFweights92": -7034926.522405163,
  "nSumOfWeights_LHEPDFweights93": -6982257.860674582,
  "nSumOfWeights_LHEPDFweights94": -6918039.156932288,
  "nSumOfWeights_LHEPDFweights95": -6839938.178001623,
  "nSumOfWeights_LHEPDFweights96": -6814177.124519933,
  "nSumOfWeights_LHEPDFweights97": -6791570.191960878,
  "nSumOfWeights_LHEPDFweights98": -6979650.856434673,
  "nSumOfWeights_LHEPDFweights99": -6905767.918385092,
  "nSumOfWeights_LHEPDFweights100": -6950120.071251024,
  "nSumOfWeights_LHEPDFweights101": 0.0,
  "nSumOfWeights_LHEPDFweights102": 0.0,
  "nSumOfWeights_hdampUp": 106897142.99974442,
  "nSumOfWeights_hdampDown": 106897142.99974442,
  "nSumOfWeights_toppt": 106897142.99974442
}