{
  "xsec": 18610.0,
  "year": "2016",
  "treeName": "Events",
  "histAxisName": "DY10to50_centralUL16",
  "options": "",
  "WCnames": [],
  "files": [
    "/store/user/hnelson2/skims/mc/ptSkim/DY/UL16_DY10to50/output_682.root"
  ],
  "nEvents": 22388550,
  "nSumOfWeights": 22388550.0,
  "isData": false,
  "path": "/store/mc/RunIISummer20UL16NanoAODv9/DYJetsToLL_M-10to50_TuneCP5_13TeV-madgraphMLM-pythia8/NANOAODSIM/",
  "nSumOfWeights_ISRUp": 22491912.806021195,
  "nSumOfWeights_ISRDown": 22252270.16205366,
  "nSumOfWeights_FSRUp": 22398214.797519684,
  "nSumOfWeights_FSRDown": 22375708.968266487,
  "nSumOfWeights_renormUp": 22312446.03161621,
  "nSumOfWeights_renormDown": 22489739.313537598,
  "nSumOfWeights_factUp": 30812119.078796387,
  "nSumOfWeights_factDown": 15034257.559199056,
  "nSumOfWeights_renormfactUp": 30728400.23236084,
  "nSumOfWeights_renormfactDown": 15123600.881998738,
  "nSumOfWeights_LHEPDFweights0": 22388550.0,
  "nSumOfWeights_LHEPDFweights1": 21634687.50671935,
  "nSumOfWeights_LHEPDFweights2": 22863134.48059082,
  "nSumOfWeights_LHEPDFweights3": 22075048.617282957,
  "nSumOfWeights_LHEPDFweights4": 22195190.89098835,
  "nSumOfWeights_LHEPDFweights5": 22268991.442094088,
  "nSumOfWeights_LHEPDFweights6": 22647873.77070266,
  "nSumOfWeights_LHEPDFweights7": 22390907.479114532,
  "nSumOfWeights_LHEPDFweights8": 22148572.572509408,
  "nSumOfWeights_LHEPDFweights9": 22516081.059460044,
  "nSumOfWeights_LHEPDFweights10": 22425001.851660967,
  "nSumOfWeights_LHEPDFweights11": 22436346.95225525,
  "nSumOfWeights_LHEPDFweights12": 22331921.497498274,
  "nSumOfWeights_LHEPDFweights13": 22423624.504566193,
  "nSumOfWeights_LHEPDFweights14": 22319368.827034473,
  "nSumOfWeights_LHEPDFweights15": 22353437.70300013,
  "nSumOfWeights_LHEPDFweights16": 22387689.09327729,
  "nSumOfWeights_LHEPDFweights17": 22340873.27777359,
  "nSumOfWeights_LHEPDFweights18": 22410158.585732937,
  "nSumOfWeights_LHEPDFweights19": 22385678.610062122,
  "nSumOfWeights_LHEPDFweights20": 22395647.12988615,
  "nSumOfWeights_LHEPDFweights21": 22427305.440215677,
  "nSumOfWeights_LHEPDFweights22": 22423213.4523845,
  "nSumOfWeights_LHEPDFweights23": 22364744.904281616,
  "nSumOfWeights_LHEPDFweights24": 22372220.220214844,
  "nSumOfWeights_LHEPDFweights25": 22426106.542541623,
  "nSumOfWeights_LHEPDFweights26": 22344301.22890526,
  "nSumOfWeights_LHEPDFweights27": 22418259.27815914,
  "nSumOfWeights_LHEPDFweights28": 22386286.455438614,
  "nSumOfWeights_LHEPDFweights29": 22445433.97780624,
  "nSumOfWeights_LHEPDFweights30": 22390401.263369143,
  "nSumOfWeights_LHEPDFweights31": 22414617.637819797,
  "nSumOfWeights_LHEPDFweights32": 22397094.229394913,
  "nSumOfWeights_LHEPDFweights33": 22365993.52638389,
  "nSumOfWeights_LHEPDFweights34": 22404573.950147394,
  "nSumOfWeights_LHEPDFweights35": 22382764.194166094,
  "nSumOfWeights_LHEPDFweights36": 22398326.70300293,
  "nSumOfWeights_LHEPDFweights37": 22382591.219111785,
  "nSumOfWeights_LHEPDFweights38": 22430042.226665497,
  "nSumOfWeights_LHEPDFweights39": 22411108.88172412,
  "nSumOfWeights_LHEPDFweights40": 22403799.540578075,
  "nSumOfWeights_LHEPDFweights41": 22398019.623291016,
  "nSumOfWeights_LHEPDFweights42": 22368753.998535395,
  "nSumOfWeights_LHEPDFweights43": 22386065.8093576,
  "nSumOfWeights_LHEPDFweights44": 22385632.446964085,
  "nSumOfWeights_LHEPDFweights45": 22395484.90419286,
  "nSumOfWeights_LHEPDFweights46": 22407211.52233874,
  "nSumOfWeights_LHEPDFweights47": 22393330.28726147,
  "nSumOfWeights_LHEPDFweights48": 22372444.24972534,
  "nSumOfWeights_LHEPDFweights49": 22391406.92636843,
  "nSumOfWeights_LHEPDFweights50": 22413180.62079405,
  "nSumOfWeights_LHEPDFweights51": 22386284.1518631,
  "nSumOfWeights_LHEPDFweights52": 22376969.281540632,
  "nSumOfWeights_LHEPDFweights53": 22382026.499760628,
  "nSumOfWeights_LHEPDFweights54": 22405397.88464248,
  "nSumOfWeights_LHEPDFweights55": 22412460.617488384,
  "nSumOfWeights_LHEPDFweights56": 22387692.550504208,
  "nSumOfWeights_LHEPDFweights57": 22379535.62989807,
  "nSumOfWeights_LHEPDFweights58": 22390563.970671922,
  "nSumOfWeights_LHEPDFweights59": 22385444.709789276,
  "nSumOfWeights_LHEPDFweights60": 22370621.886135027,
  "nSumOfWeights_LHEPDFweights61": 22402132.554365396,
  "nSumOfWeights_LHEPDFweights62": 22375399.33359146,
  "nSumOfWeights_LHEPDFweights63": 22392805.12521231,
  "nSumOfWeights_LHEPDFweights64": 22394037.893829823,
  "nSumOfWeights_LHEPDFweights65": 22379214.983068943,
  "nSumOfWeights_LHEPDFweights66": 22395508.632650375,
  "nSumOfWeights_LHEPDFweights67": 22388956.08920288,
  "nSumOfWeights_LHEPDFweights68": 22383608.64144373,
  "nSumOfWeights_LHEPDFweights69": 22386864.057909846,
  "nSumOfWeights_LHEPDFweights70": 22382581.603919625,
  "nSumOfWeights_LHEPDFweights71": 22382953.655735016,
  "nSumOfWeights_LHEPDFweights72": 22401400.00440979,
  "nSumOfWeights_LHEPDFweights73": 22381153.147899628,
  "nSumOfWeights_LHEPDFweights74": 22387609.67290756,
  "nSumOfWeights_LHEPDFweights75": 22378160.231628418,
  "nSumOfWeights_LHEPDFweights76": 22384874.61578369,
  "nSumOfWeights_LHEPDFweights77": 22392806.91682434,
  "nSumOfWeights_LHEPDFweights78": 22374744.96285057,
  "nSumOfWeights_LHEPDFweights79": 22387302.49456072,
  "nSumOfWeights_LHEPDFweights80": 22390285.381905258,
  "nSumOfWeights_LHEPDFweights81": 22385687.316695064,
  "nSumOfWeights_LHEPDFweights82": 22379696.066329956,
  "nSumOfWeights_LHEPDFweights83": 22371793.049662232,
  "nSumOfWeights_LHEPDFweights84": 22392984.47818756,
  "nSumOfWeights_LHEPDFweights85": 22389810.11700332,
  "nSumOfWeights_LHEPDFweights86": 22388951.38257408,
  "nSumOfWeights_LHEPDFweights87": 22380810.05422473,
  "nSumOfWeights_LHEPDFweights88": 22395946.86169243,
  "nSumOfWeights_LHEPDFweights89": 22383348.084274292,
  "nSumOfWeights_LHEPDFweights90": 22389954.970199227,
  "nSumOfWeights_LHEPDFweights91": 22388695.940673828,
  "nSumOfWeights_LHEPDFweights92": 22392641.4246521,
  "nSumOfWeights_LHEPDFweights93": 22398663.99538231,
  "nSumOfWeights_LHEPDFweights94": 22382601.51875305,
  "nSumOfWeights_LHEPDFweights95": 22385465.12368703,
  "nSumOfWeights_LHEPDFweights96": 22392458.331126213,
  "nSumOfWeights_LHEPDFweights97": 22399865.10914612,
  "nSumOfWeights_LHEPDFweights98": 22391166.099517822,
  "nSumOfWeights_LHEPDFweights99": 22389246.140335083,
  "nSumOfWeights_LHEPDFweights100": 22388550.0,
  "nSumOfWeights_LHEPDFweights101": 22026010.715891954,
  "nSumOfWeights_LHEPDFweights102": 22872455.067202527,
  "nSumOfWeights_hdampUp": 22388550.0,
  "nSumOfWeights_hdampDown": 22388550.0,
  "nSumOfWeights_toppt": 22388550.0
}