{
  "xsec": 12.178,
  "year": "2016",
  "treeName": "Events",
  "histAxisName": "WWTo2L2Nu_centralUL16",
  "options": "",
  "era": "",
  "WCnames": [],
  "files": [
    "/store/mc/RunIISummer20UL16NanoAODv9/WWTo2L2Nu_TuneCP5_13TeV-powheg-pythia8/NANOAODSIM/106X_mcRun2_asymptotic_v17-v1/270000/F53359CA-E58F-2F4E-8F81-A6D9B3154DE3.root",
    "/store/mc/RunIISummer20UL16NanoAODv9/WWTo2L2Nu_TuneCP5_13TeV-powheg-pythia8/NANOAODSIM/106X_mcRun2_asymptotic_v17-v1/270000/0E2010D6-5080-E44D-80D8-5C9826D29F33.root",
    "/store/mc/RunIISummer20UL16NanoAODv9/WWTo2L2Nu_TuneCP5_13TeV-powheg-pythia8/NANOAODSIM/106X_mcRun2_asymptotic_v17-v1/130000/4CCF3F20-6939-8D4B-A7C0-ECE9A15D879A.root",
    "/store/mc/RunIISummer20UL16NanoAODv9/WWTo2L2Nu_TuneCP5_13TeV-powheg-pythia8/NANOAODSIM/106X_mcRun2_asymptotic_v17-v1/130000/80849F69-0DEE-3048-A2CF-32EC495D6ECF.root",
    "/store/mc/RunIISummer20UL16NanoAODv9/WWTo2L2Nu_TuneCP5_13TeV-powheg-pythia8/NANOAODSIM/106X_mcRun2_asymptotic_v17-v1/70000/E971939B-F569-6045-971B-B317291E688E.root",
    "/store/mc/RunIISummer20UL16NanoAODv9/WWTo2L2Nu_TuneCP5_13TeV-powheg-pythia8/NANOAODSIM/106X_mcRun2_asymptotic_v17-v1/70000/860D3EE2-4083-4441-95D6-A0D1A3034862.root",
    "/store/mc/RunIISummer20UL16NanoAODv9/WWTo2L2Nu_TuneCP5_13TeV-powheg-pythia8/NANOAODSIM/106X_mcRun2_asymptotic_v17-v1/280000/3ACAC318-383A-4746-85CE-B5ECA566D011.root"
  ],
  "nEvents": 2900000,
  "nSumOfWeights": 32147079.59480001,
  "isData": false,
  "path": "/store/mc/RunIISummer20UL16NanoAODv9/WWTo2L2Nu_TuneCP5_13TeV-powheg-pythia8/NANOAODSIM/",
  "nSumOfWeights_ISRUp": 32144639.44258905,
  "nSumOfWeights_ISRDown": 32148767.32103834,
  "nSumOfWeights_FSRUp": 32143809.43355477,
  "nSumOfWeights_FSRDown": 32147624.73597175,
  "nSumOfWeights_renormUp": 31498786.920096077,
  "nSumOfWeights_renormDown": 32924947.95420637,
  "nSumOfWeights_factUp": 32510438.887451023,
  "nSumOfWeights_factDown": 31701757.724770322,
  "nSumOfWeights_renormfactUp": 31894441.066144403,
  "nSumOfWeights_renormfactDown": 32528780.479577433,
  "nSumOfWeights_LHEPDFweights0": 31958071.56083413,
  "nSumOfWeights_LHEPDFweights1": 32966047.3486079,
  "nSumOfWeights_LHEPDFweights2": 32075346.467088062,
  "nSumOfWeights_LHEPDFweights3": 31655484.571122598,
  "nSumOfWeights_LHEPDFweights4": 31777353.717524257,
  "nSumOfWeights_LHEPDFweights5": 31690502.188996363,
  "nSumOfWeights_LHEPDFweights6": 32274357.595873725,
  "nSumOfWeights_LHEPDFweights7": 32028539.71545621,
  "nSumOfWeights_LHEPDFweights8": 31745687.042731583,
  "nSumOfWeights_LHEPDFweights9": 31638242.889729243,
  "nSumOfWeights_LHEPDFweights10": 31388468.542227674,
  "nSumOfWeights_LHEPDFweights11": 31871480.346902862,
  "nSumOfWeights_LHEPDFweights12": 31751968.59716,
  "nSumOfWeights_LHEPDFweights13": 31885168.232756842,
  "nSumOfWeights_LHEPDFweights14": 32204457.922076434,
  "nSumOfWeights_LHEPDFweights15": 32048758.314158358,
  "nSumOfWeights_LHEPDFweights16": 31928032.404905856,
  "nSumOfWeights_LHEPDFweights17": 32218081.55880538,
  "nSumOfWeights_LHEPDFweights18": 31902313.62558329,
  "nSumOfWeights_LHEPDFweights19": 32431848.054918736,
  "nSumOfWeights_LHEPDFweights20": 31593600.28967646,
  "nSumOfWeights_LHEPDFweights21": 31999132.76824342,
  "nSumOfWeights_LHEPDFweights22": 32550200.858801045,
  "nSumOfWeights_LHEPDFweights23": 32329358.85963833,
  "nSumOfWeights_LHEPDFweights24": 31775527.88923131,
  "nSumOfWeights_LHEPDFweights25": 32126951.238608982,
  "nSumOfWeights_LHEPDFweights26": 32210064.815236125,
  "nSumOfWeights_LHEPDFweights27": 32623797.541911967,
  "nSumOfWeights_LHEPDFweights28": 32126005.830702163,
  "nSumOfWeights_LHEPDFweights29": 32036811.42363365,
  "nSumOfWeights_LHEPDFweights30": 32135986.940527685,
  "nSumOfWeights_LHEPDFweights31": 32165064.847152267,
  "nSumOfWeights_LHEPDFweights32": 31901038.43282985,
  "nSumOfWeights_LHEPDFweights33": 32596126.818658534,
  "nSumOfWeights_LHEPDFweights34": 31582252.69426731,
  "nSumOfWeights_LHEPDFweights35": 31987566.99812933,
  "nSumOfWeights_LHEPDFweights36": 32109123.133813128,
  "nSumOfWeights_LHEPDFweights37": 31902168.067402802,
  "nSumOfWeights_LHEPDFweights38": 31731338.31889689,
  "nSumOfWeights_LHEPDFweights39": 31790897.92344419,
  "nSumOfWeights_LHEPDFweights40": 31915747.738967083,
  "nSumOfWeights_LHEPDFweights41": 32363218.981119636,
  "nSumOfWeights_LHEPDFweights42": 32189850.3082586,
  "nSumOfWeights_LHEPDFweights43": 32298248.517095976,
  "nSumOfWeights_LHEPDFweights44": 32043140.669334896,
  "nSumOfWeights_LHEPDFweights45": 31954526.279711995,
  "nSumOfWeights_LHEPDFweights46": 32180969.521635298,
  "nSumOfWeights_LHEPDFweights47": 32367561.91209773,
  "nSumOfWeights_LHEPDFweights48": 31883162.06418314,
  "nSumOfWeights_LHEPDFweights49": 32361917.381118108,
  "nSumOfWeights_LHEPDFweights50": 31962740.245221153,
  "nSumOfWeights_LHEPDFweights51": 31958198.76911044,
  "nSumOfWeights_LHEPDFweights52": 31877535.601011794,
  "nSumOfWeights_LHEPDFweights53": 32190894.460793298,
  "nSumOfWeights_LHEPDFweights54": 32542935.842289317,
  "nSumOfWeights_LHEPDFweights55": 32425859.31272127,
  "nSumOfWeights_LHEPDFweights56": 32092096.285411943,
  "nSumOfWeights_LHEPDFweights57": 32503590.633343652,
  "nSumOfWeights_LHEPDFweights58": 32235356.906585895,
  "nSumOfWeights_LHEPDFweights59": 31956470.55322572,
  "nSumOfWeights_LHEPDFweights60": 32349203.930153105,
  "nSumOfWeights_LHEPDFweights61": 31784529.63113355,
  "nSumOfWeights_LHEPDFweights62": 32052764.488136377,
  "nSumOfWeights_LHEPDFweights63": 31948915.887348857,
  "nSumOfWeights_LHEPDFweights64": 31735283.910724398,
  "nSumOfWeights_LHEPDFweights65": 32399011.049624685,
  "nSumOfWeights_LHEPDFweights66": 32154415.217788193,
  "nSumOfWeights_LHEPDFweights67": 32262968.250243396,
  "nSumOfWeights_LHEPDFweights68": 32163496.17128758,
  "nSumOfWeights_LHEPDFweights69": 32138182.681289937,
  "nSumOfWeights_LHEPDFweights70": 31768450.51362586,
  "nSumOfWeights_LHEPDFweights71": 31829766.90070476,
  "nSumOfWeights_LHEPDFweights72": 31862434.382147323,
  "nSumOfWeights_LHEPDFweights73": 31306976.991867315,
  "nSumOfWeights_LHEPDFweights74": 31466779.967939533,
  "nSumOfWeights_LHEPDFweights75": 31728430.96586599,
  "nSumOfWeights_LHEPDFweights76": 32592193.645291444,
  "nSumOfWeights_LHEPDFweights77": 31469499.40031207,
  "nSumOfWeights_LHEPDFweights78": 32149787.616795655,
  "nSumOfWeights_LHEPDFweights79": 32083417.4261248,
  "nSumOfWeights_LHEPDFweights80": 31952169.30524921,
  "nSumOfWeights_LHEPDFweights81": 32122845.250403002,
  "nSumOfWeights_LHEPDFweights82": 31928032.404905856,
  "nSumOfWeights_LHEPDFweights83": 31805882.07321669,
  "nSumOfWeights_LHEPDFweights84": 31816345.640583873,
  "nSumOfWeights_LHEPDFweights85": 31702454.92574559,
  "nSumOfWeights_LHEPDFweights86": 32400126.296876933,
  "nSumOfWeights_LHEPDFweights87": 31734485.93788072,
  "nSumOfWeights_LHEPDFweights88": 32212044.507035222,
  "nSumOfWeights_LHEPDFweights89": 30997306.38277202,
  "nSumOfWeights_LHEPDFweights90": 31899006.2491507,
  "nSumOfWeights_LHEPDFweights91": 32175702.252756502,
  "nSumOfWeights_LHEPDFweights92": 31391828.888458107,
  "nSumOfWeights_LHEPDFweights93": 31685523.05657613,
  "nSumOfWeights_LHEPDFweights94": 31966935.297136497,
  "nSumOfWeights_LHEPDFweights95": 31696299.191284705,
  "nSumOfWeights_LHEPDFweights96": 32226964.77571489,
  "nSumOfWeights_LHEPDFweights97": 32091497.047912814,
  "nSumOfWeights_LHEPDFweights98": 31895452.010217976,
  "nSumOfWeights_LHEPDFweights99": 31998851.10407155,
  "nSumOfWeights_LHEPDFweights100": 31903276.580007557,
  "nSumOfWeights_LHEPDFweights101": 0.0,
  "nSumOfWeights_LHEPDFweights102": 0.0,
  "nSumOfWeights_hdampUp": 32147079.167209625,
  "nSumOfWeights_hdampDown": 32147079.167209625,
  "nSumOfWeights_toppt": 32147079.167209625
}