{
  "xsec": 18610.0,
  "year": "2016APV",
  "treeName": "Events",
  "histAxisName": "DY10to50_centralUL16APV",
  "options": "",
  "WCnames": [],
  "files": [
    "/store/user/hnelson2/skims/mc/ptSkim/DY/UL16APV_DY10to50/output_677.root"
  ],
  "nEvents": 25799525,
  "nSumOfWeights": 25799525.0,
  "isData": false,
  "path": "/store/mc/RunIISummer20UL16NanoAODAPVv9/DYJetsToLL_M-10to50_TuneCP5_13TeV-madgraphMLM-pythia8/NANOAODSIM/",
  "nSumOfWeights_ISRUp": 25919546.03213577,
  "nSumOfWeights_ISRDown": 25641360.01134704,
  "nSumOfWeights_FSRUp": 25808067.196933746,
  "nSumOfWeights_FSRDown": 25786661.2817297,
  "nSumOfWeights_renormUp": 25711708.406219482,
  "nSumOfWeights_renormDown": 25916306.297729492,
  "nSumOfWeights_factUp": 35502228.069732666,
  "nSumOfWeights_factDown": 17328114.864268996,
  "nSumOfWeights_renormfactUp": 35405583.883117676,
  "nSumOfWeights_renormfactDown": 17431164.684451796,
  "nSumOfWeights_LHEPDFweights0": 25799525.0,
  "nSumOfWeights_LHEPDFweights1": 24932972.73593831,
  "nSumOfWeights_LHEPDFweights2": 26345631.413116455,
  "nSumOfWeights_LHEPDFweights3": 25438496.74286461,
  "nSumOfWeights_LHEPDFweights4": 25577033.176689625,
  "nSumOfWeights_LHEPDFweights5": 25662167.204398632,
  "nSumOfWeights_LHEPDFweights6": 26097465.405646324,
  "nSumOfWeights_LHEPDFweights7": 25802013.814317703,
  "nSumOfWeights_LHEPDFweights8": 25523394.71970153,
  "nSumOfWeights_LHEPDFweights9": 25946069.380606912,
  "nSumOfWeights_LHEPDFweights10": 25841459.809342027,
  "nSumOfWeights_LHEPDFweights11": 25854581.578094482,
  "nSumOfWeights_LHEPDFweights12": 25734302.451117992,
  "nSumOfWeights_LHEPDFweights13": 25839848.712905467,
  "nSumOfWeights_LHEPDFweights14": 25719873.18101749,
  "nSumOfWeights_LHEPDFweights15": 25758876.06206496,
  "nSumOfWeights_LHEPDFweights16": 25798692.63541226,
  "nSumOfWeights_LHEPDFweights17": 25744787.63846595,
  "nSumOfWeights_LHEPDFweights18": 25824427.24329847,
  "nSumOfWeights_LHEPDFweights19": 25796182.610734224,
  "nSumOfWeights_LHEPDFweights20": 25807534.79619217,
  "nSumOfWeights_LHEPDFweights21": 25844223.009809285,
  "nSumOfWeights_LHEPDFweights22": 25839387.427793622,
  "nSumOfWeights_LHEPDFweights23": 25772021.9455719,
  "nSumOfWeights_LHEPDFweights24": 25780664.514522552,
  "nSumOfWeights_LHEPDFweights25": 25842603.45679057,
  "nSumOfWeights_LHEPDFweights26": 25748578.47767377,
  "nSumOfWeights_LHEPDFweights27": 25833608.146089554,
  "nSumOfWeights_LHEPDFweights28": 25796990.342834473,
  "nSumOfWeights_LHEPDFweights29": 25864929.477592796,
  "nSumOfWeights_LHEPDFweights30": 25801555.287741855,
  "nSumOfWeights_LHEPDFweights31": 25829800.46221775,
  "nSumOfWeights_LHEPDFweights32": 25809367.442272186,
  "nSumOfWeights_LHEPDFweights33": 25773326.048386365,
  "nSumOfWeights_LHEPDFweights34": 25818048.538612388,
  "nSumOfWeights_LHEPDFweights35": 25793251.98713219,
  "nSumOfWeights_LHEPDFweights36": 25810644.037353516,
  "nSumOfWeights_LHEPDFweights37": 25792884.78323875,
  "nSumOfWeights_LHEPDFweights38": 25847133.643764496,
  "nSumOfWeights_LHEPDFweights39": 25825905.26422237,
  "nSumOfWeights_LHEPDFweights40": 25817176.153128874,
  "nSumOfWeights_LHEPDFweights41": 25810329.299301147,
  "nSumOfWeights_LHEPDFweights42": 25777147.062605083,
  "nSumOfWeights_LHEPDFweights43": 25796856.73325529,
  "nSumOfWeights_LHEPDFweights44": 25796147.80263132,
  "nSumOfWeights_LHEPDFweights45": 25807671.24168074,
  "nSumOfWeights_LHEPDFweights46": 25821471.039336618,
  "nSumOfWeights_LHEPDFweights47": 25805076.95386777,
  "nSumOfWeights_LHEPDFweights48": 25780935.01637268,
  "nSumOfWeights_LHEPDFweights49": 25803014.608399265,
  "nSumOfWeights_LHEPDFweights50": 25827845.198243804,
  "nSumOfWeights_LHEPDFweights51": 25796888.4020136,
  "nSumOfWeights_LHEPDFweights52": 25786184.829330444,
  "nSumOfWeights_LHEPDFweights53": 25792017.245846987,
  "nSumOfWeights_LHEPDFweights54": 25818843.06505569,
  "nSumOfWeights_LHEPDFweights55": 25826961.663163662,
  "nSumOfWeights_LHEPDFweights56": 25798486.77337694,
  "nSumOfWeights_LHEPDFweights57": 25789238.66178131,
  "nSumOfWeights_LHEPDFweights58": 25801751.200388126,
  "nSumOfWeights_LHEPDFweights59": 25795837.30031967,
  "nSumOfWeights_LHEPDFweights60": 25778836.384242173,
  "nSumOfWeights_LHEPDFweights61": 25815161.49689126,
  "nSumOfWeights_LHEPDFweights62": 25784415.343244165,
  "nSumOfWeights_LHEPDFweights63": 25804539.040117145,
  "nSumOfWeights_LHEPDFweights64": 25805825.947985888,
  "nSumOfWeights_LHEPDFweights65": 25788914.992266655,
  "nSumOfWeights_LHEPDFweights66": 25807529.710889816,
  "nSumOfWeights_LHEPDFweights67": 25799977.5909729,
  "nSumOfWeights_LHEPDFweights68": 25793785.02512446,
  "nSumOfWeights_LHEPDFweights69": 25797623.49399507,
  "nSumOfWeights_LHEPDFweights70": 25792678.77794996,
  "nSumOfWeights_LHEPDFweights71": 25793148.8962574,
  "nSumOfWeights_LHEPDFweights72": 25814319.09565735,
  "nSumOfWeights_LHEPDFweights73": 25790998.053759575,
  "nSumOfWeights_LHEPDFweights74": 25798402.542358875,
  "nSumOfWeights_LHEPDFweights75": 25787592.18490982,
  "nSumOfWeights_LHEPDFweights76": 25795322.84350586,
  "nSumOfWeights_LHEPDFweights77": 25804358.21891594,
  "nSumOfWeights_LHEPDFweights78": 25783594.44436121,
  "nSumOfWeights_LHEPDFweights79": 25798125.182917595,
  "nSumOfWeights_LHEPDFweights80": 25801583.479395628,
  "nSumOfWeights_LHEPDFweights81": 25796161.21656412,
  "nSumOfWeights_LHEPDFweights82": 25789381.038223267,
  "nSumOfWeights_LHEPDFweights83": 25780314.12841797,
  "nSumOfWeights_LHEPDFweights84": 25804679.26642227,
  "nSumOfWeights_LHEPDFweights85": 25801037.790477514,
  "nSumOfWeights_LHEPDFweights86": 25799998.139701605,
  "nSumOfWeights_LHEPDFweights87": 25790671.26410365,
  "nSumOfWeights_LHEPDFweights88": 25808036.24755621,
  "nSumOfWeights_LHEPDFweights89": 25793511.00048828,
  "nSumOfWeights_LHEPDFweights90": 25801105.82458341,
  "nSumOfWeights_LHEPDFweights91": 25799741.26043701,
  "nSumOfWeights_LHEPDFweights92": 25804262.91003418,
  "nSumOfWeights_LHEPDFweights93": 25811108.246285588,
  "nSumOfWeights_LHEPDFweights94": 25792610.9788208,
  "nSumOfWeights_LHEPDFweights95": 25795959.498378515,
  "nSumOfWeights_LHEPDFweights96": 25804048.307918727,
  "nSumOfWeights_LHEPDFweights97": 25812563.61531067,
  "nSumOfWeights_LHEPDFweights98": 25802522.3144989,
  "nSumOfWeights_LHEPDFweights99": 25800338.492355347,
  "nSumOfWeights_LHEPDFweights100": 25799525.0,
  "nSumOfWeights_LHEPDFweights101": 25382152.166269068,
  "nSumOfWeights_LHEPDFweights102": 26356784.005071886,
  "nSumOfWeights_hdampUp": 25799525.0,
  "nSumOfWeights_hdampDown": 25799525.0,
  "nSumOfWeights_toppt": 25799525.0
}