{
  "xsec": 5.284311882352942,
  "year": "2016",
  "treeName": "Events",
  "histAxisName": "WZTo3LNu_centralUL16",
  "options": "",
  "WCnames": [],
  "files": [
    "/store/user/hnelson2/skims/mc/ptSkim/background/UL16_WZTo3LNu/output_1891.root"
  ],
  "nEvents": 904000,
  "nSumOfWeights": 4217571.855773926,
  "isData": false,
  "path": "/store/mc/RunIISummer20UL16NanoAODv9/WZTo3LNu_mllmin4p0_TuneCP5_13TeV-powheg-pythia8/NANOAODSIM/106X_mcRun2_asymptotic_v17-v2",
  "nSumOfWeights_ISRUp": 4217174.699916959,
  "nSumOfWeights_ISRDown": 4217946.57703569,
  "nSumOfWeights_FSRUp": 4218768.503622472,
  "nSumOfWeights_FSRDown": 4214698.343719631,
  "nSumOfWeights_renormUp": 4125978.406022513,
  "nSumOfWeights_renormDown": 4328797.399250747,
  "nSumOfWeights_factUp": 4314908.924889073,
  "nSumOfWeights_factDown": 4072877.3063277705,
  "nSumOfWeights_renormfactUp": 4238315.123579837,
  "nSumOfWeights_renormfactDown": 4200529.621875847
}