{
  "xsec": 12.178,
  "year": "2016APV",
  "treeName": "Events",
  "histAxisName": "WWTo2L2Nu_centralUL16APV",
  "options": "",
  "WCnames": [],
  "files": [
    "/store/user/hnelson2/skims/mc/ptSkim/background/UL16APV_WWTo2L2Nu/output_1714.root",
    "/store/user/hnelson2/skims/mc/ptSkim/background/UL16APV_WWTo2L2Nu/output_2228.root",
    "/store/user/hnelson2/skims/mc/ptSkim/background/UL16APV_WWTo2L2Nu/output_1868.root"
  ],
  "nEvents": 3018000,
  "nSumOfWeights": 33456498.309200015,
  "isData": false,
  "path": "/store/mc/RunIISummer20UL16NanoAODAPVv9/WWTo2L2Nu_TuneCP5_13TeV-powheg-pythia8/NANOAODSIM/",
  "nSumOfWeights_ISRUp": 33457883.67661596,
  "nSumOfWeights_ISRDown": 33453758.042782106,
  "nSumOfWeights_FSRUp": 33456031.021371663,
  "nSumOfWeights_FSRDown": 33470544.471743733,
  "nSumOfWeights_renormUp": 32781271.055549763,
  "nSumOfWeights_renormDown": 34266695.10342142,
  "nSumOfWeights_factUp": 33836883.104851454,
  "nSumOfWeights_factDown": 32990689.131958533,
  "nSumOfWeights_renormfactUp": 33195099.82604835,
  "nSumOfWeights_renormfactDown": 33851832.394539125,
  "nSumOfWeights_LHEPDFweights0": 33260852.935452126,
  "nSumOfWeights_LHEPDFweights1": 34311966.64264038,
  "nSumOfWeights_LHEPDFweights2": 33382657.663089816,
  "nSumOfWeights_LHEPDFweights3": 32945450.097254097,
  "nSumOfWeights_LHEPDFweights4": 33071892.79818204,
  "nSumOfWeights_LHEPDFweights5": 32982148.056749515,
  "nSumOfWeights_LHEPDFweights6": 33590359.12749936,
  "nSumOfWeights_LHEPDFweights7": 33332124.764695413,
  "nSumOfWeights_LHEPDFweights8": 33041405.82710245,
  "nSumOfWeights_LHEPDFweights9": 32925594.086918622,
  "nSumOfWeights_LHEPDFweights10": 32663433.241688125,
  "nSumOfWeights_LHEPDFweights11": 33166798.788838826,
  "nSumOfWeights_LHEPDFweights12": 33045638.440150104,
  "nSumOfWeights_LHEPDFweights13": 33176206.907412417,
  "nSumOfWeights_LHEPDFweights14": 33517983.70359733,
  "nSumOfWeights_LHEPDFweights15": 33354347.613487773,
  "nSumOfWeights_LHEPDFweights16": 33229403.826406687,
  "nSumOfWeights_LHEPDFweights17": 33533576.14306763,
  "nSumOfWeights_LHEPDFweights18": 33202630.618407823,
  "nSumOfWeights_LHEPDFweights19": 33749309.304916754,
  "nSumOfWeights_LHEPDFweights20": 32876730.656056292,
  "nSumOfWeights_LHEPDFweights21": 33304117.03203891,
  "nSumOfWeights_LHEPDFweights22": 33878743.22012495,
  "nSumOfWeights_LHEPDFweights23": 33649489.75520969,
  "nSumOfWeights_LHEPDFweights24": 33068336.470264405,
  "nSumOfWeights_LHEPDFweights25": 33437630.198574096,
  "nSumOfWeights_LHEPDFweights26": 33527050.809015326,
  "nSumOfWeights_LHEPDFweights27": 33953136.41374957,
  "nSumOfWeights_LHEPDFweights28": 33435236.58578462,
  "nSumOfWeights_LHEPDFweights29": 33340861.746258732,
  "nSumOfWeights_LHEPDFweights30": 33441230.09327145,
  "nSumOfWeights_LHEPDFweights31": 33477900.699382387,
  "nSumOfWeights_LHEPDFweights32": 33200005.492752135,
  "nSumOfWeights_LHEPDFweights33": 33924970.63209021,
  "nSumOfWeights_LHEPDFweights34": 32867136.55007366,
  "nSumOfWeights_LHEPDFweights35": 33292013.21005938,
  "nSumOfWeights_LHEPDFweights36": 33419576.473362744,
  "nSumOfWeights_LHEPDFweights37": 33198290.973774977,
  "nSumOfWeights_LHEPDFweights38": 33024687.86263514,
  "nSumOfWeights_LHEPDFweights39": 33080272.45002215,
  "nSumOfWeights_LHEPDFweights40": 33217094.36511359,
  "nSumOfWeights_LHEPDFweights41": 33682598.799560666,
  "nSumOfWeights_LHEPDFweights42": 33502936.518447362,
  "nSumOfWeights_LHEPDFweights43": 33616751.828988686,
  "nSumOfWeights_LHEPDFweights44": 33349914.42273503,
  "nSumOfWeights_LHEPDFweights45": 33256744.5741411,
  "nSumOfWeights_LHEPDFweights46": 33489493.538969655,
  "nSumOfWeights_LHEPDFweights47": 33686234.79120809,
  "nSumOfWeights_LHEPDFweights48": 33185643.27837105,
  "nSumOfWeights_LHEPDFweights49": 33680910.530353524,
  "nSumOfWeights_LHEPDFweights50": 33267235.990611237,
  "nSumOfWeights_LHEPDFweights51": 33259074.092542343,
  "nSumOfWeights_LHEPDFweights52": 33174169.851177696,
  "nSumOfWeights_LHEPDFweights53": 33501888.474251017,
  "nSumOfWeights_LHEPDFweights54": 33871433.55434936,
  "nSumOfWeights_LHEPDFweights55": 33748990.75386721,
  "nSumOfWeights_LHEPDFweights56": 33399283.308663096,
  "nSumOfWeights_LHEPDFweights57": 33824568.84462097,
  "nSumOfWeights_LHEPDFweights58": 33546232.770652764,
  "nSumOfWeights_LHEPDFweights59": 33258330.676403426,
  "nSumOfWeights_LHEPDFweights60": 33669134.76469321,
  "nSumOfWeights_LHEPDFweights61": 33079226.622857656,
  "nSumOfWeights_LHEPDFweights62": 33359980.64459866,
  "nSumOfWeights_LHEPDFweights63": 33249942.157646045,
  "nSumOfWeights_LHEPDFweights64": 33033575.35744708,
  "nSumOfWeights_LHEPDFweights65": 33722724.70015548,
  "nSumOfWeights_LHEPDFweights66": 33463609.52872428,
  "nSumOfWeights_LHEPDFweights67": 33578861.4946813,
  "nSumOfWeights_LHEPDFweights68": 33474552.571550757,
  "nSumOfWeights_LHEPDFweights69": 33447499.3475153,
  "nSumOfWeights_LHEPDFweights70": 33062455.2893932,
  "nSumOfWeights_LHEPDFweights71": 33128125.721027523,
  "nSumOfWeights_LHEPDFweights72": 33156894.326784242,
  "nSumOfWeights_LHEPDFweights73": 32580889.675950475,
  "nSumOfWeights_LHEPDFweights74": 32747067.7622631,
  "nSumOfWeights_LHEPDFweights75": 33021067.43459968,
  "nSumOfWeights_LHEPDFweights76": 33921997.73431794,
  "nSumOfWeights_LHEPDFweights77": 32750123.9471652,
  "nSumOfWeights_LHEPDFweights78": 33463872.242857404,
  "nSumOfWeights_LHEPDFweights79": 33392712.932311855,
  "nSumOfWeights_LHEPDFweights80": 33246877.684271358,
  "nSumOfWeights_LHEPDFweights81": 33431785.98744822,
  "nSumOfWeights_LHEPDFweights82": 33229403.826406687,
  "nSumOfWeights_LHEPDFweights83": 33094587.598308414,
  "nSumOfWeights_LHEPDFweights84": 33116302.12706429,
  "nSumOfWeights_LHEPDFweights85": 32994397.406199515,
  "nSumOfWeights_LHEPDFweights86": 33722908.54806766,
  "nSumOfWeights_LHEPDFweights87": 33029088.552582227,
  "nSumOfWeights_LHEPDFweights88": 33516408.294203762,
  "nSumOfWeights_LHEPDFweights89": 32252508.94557046,
  "nSumOfWeights_LHEPDFweights90": 33197910.850286715,
  "nSumOfWeights_LHEPDFweights91": 33485917.57013104,
  "nSumOfWeights_LHEPDFweights92": 32671643.530809164,
  "nSumOfWeights_LHEPDFweights93": 32978970.03103441,
  "nSumOfWeights_LHEPDFweights94": 33270776.966725707,
  "nSumOfWeights_LHEPDFweights95": 32990376.44203712,
  "nSumOfWeights_LHEPDFweights96": 33537915.772012625,
  "nSumOfWeights_LHEPDFweights97": 33401270.22997958,
  "nSumOfWeights_LHEPDFweights98": 33196450.21323599,
  "nSumOfWeights_LHEPDFweights99": 33303451.756915957,
  "nSumOfWeights_LHEPDFweights100": 33205098.904298875,
  "nSumOfWeights_LHEPDFweights101": 0.0,
  "nSumOfWeights_LHEPDFweights102": 0.0,
  "nSumOfWeights_hdampUp": 33456497.864192963,
  "nSumOfWeights_hdampDown": 33456497.864192963,
  "nSumOfWeights_toppt": 33456497.864192963
}