{
  "xsec": 0.1651,
  "year": "2016",
  "treeName": "Events",
  "histAxisName": "WWZ_4F_centralUL16",
  "options": "",
  "WCnames": [],
  "files": [
    "/store/user/hnelson2/skims/mc/ptSkim/background/UL16_WWZ_4F/output_911.root",
    "/store/user/hnelson2/skims/mc/ptSkim/background/UL16_WWZ_4F/output_912.root",
    "/store/user/hnelson2/skims/mc/ptSkim/background/UL16_WWZ_4F/output_2073.root",
    "/store/user/hnelson2/skims/mc/ptSkim/background/UL16_WWZ_4F/output_2259.root",
    "/store/user/hnelson2/skims/mc/ptSkim/background/UL16_WWZ_4F/output_2045.root"
  ],
  "nEvents": 4662000,
  "nSumOfWeights": 796209.4046733598,
  "isData": false,
  "path": "/store/mc/RunIISummer20UL16NanoAODv9/WWZ_4F_TuneCP5_13TeV-amcatnlo-pythia8/NANOAODSIM/",
  "nSumOfWeights_ISRUp": 796150.895219343,
  "nSumOfWeights_ISRDown": 796198.79934098,
  "nSumOfWeights_FSRUp": 796230.8263284294,
  "nSumOfWeights_FSRDown": 795731.8389910822,
  "nSumOfWeights_renormUp": 768849.1151299789,
  "nSumOfWeights_renormDown": 829219.4480606597,
  "nSumOfWeights_factUp": 784597.2275763336,
  "nSumOfWeights_factDown": 810171.037293,
  "nSumOfWeights_renormfactUp": 757686.4321834244,
  "nSumOfWeights_renormfactDown": 844084.2740769119,
  "nSumOfWeights_LHEPDFweights0": 796209.3926209211,
  "nSumOfWeights_LHEPDFweights1": 796372.5150179905,
  "nSumOfWeights_LHEPDFweights2": 795821.9150534212,
  "nSumOfWeights_LHEPDFweights3": 796121.8329285309,
  "nSumOfWeights_LHEPDFweights4": 797055.2791448706,
  "nSumOfWeights_LHEPDFweights5": 795475.8001725671,
  "nSumOfWeights_LHEPDFweights6": 795681.653470522,
  "nSumOfWeights_LHEPDFweights7": 794771.9422222442,
  "nSumOfWeights_LHEPDFweights8": 793596.2614898235,
  "nSumOfWeights_LHEPDFweights9": 798653.0393085263,
  "nSumOfWeights_LHEPDFweights10": 794817.6033125034,
  "nSumOfWeights_LHEPDFweights11": 797308.6429048709,
  "nSumOfWeights_LHEPDFweights12": 795917.4793371859,
  "nSumOfWeights_LHEPDFweights13": 798660.8928342784,
  "nSumOfWeights_LHEPDFweights14": 796158.4424412278,
  "nSumOfWeights_LHEPDFweights15": 800669.1206627985,
  "nSumOfWeights_LHEPDFweights16": 795274.6623930547,
  "nSumOfWeights_LHEPDFweights17": 795861.1496016318,
  "nSumOfWeights_LHEPDFweights18": 792842.8090194191,
  "nSumOfWeights_LHEPDFweights19": 796311.1378315679,
  "nSumOfWeights_LHEPDFweights20": 797113.8600882874,
  "nSumOfWeights_LHEPDFweights21": 793880.374905739,
  "nSumOfWeights_LHEPDFweights22": 798645.4857822546,
  "nSumOfWeights_LHEPDFweights23": 795215.3470269019,
  "nSumOfWeights_LHEPDFweights24": 794254.829826551,
  "nSumOfWeights_LHEPDFweights25": 795774.7179068486,
  "nSumOfWeights_LHEPDFweights26": 796633.6980346601,
  "nSumOfWeights_LHEPDFweights27": 798636.7725171528,
  "nSumOfWeights_LHEPDFweights28": 796733.6489513704,
  "nSumOfWeights_LHEPDFweights29": 799804.2780106734,
  "nSumOfWeights_LHEPDFweights30": 798024.8697833283,
  "nSumOfWeights_LHEPDFweights31": 800279.4519792816,
  "nSumOfWeights_LHEPDFweights32": 795461.7009390652,
  "nSumOfWeights_LHEPDFweights33": 797958.3725097406,
  "nSumOfWeights_LHEPDFweights34": 797382.5464075565,
  "nSumOfWeights_LHEPDFweights35": 795149.614018898,
  "nSumOfWeights_LHEPDFweights36": 794225.990727932,
  "nSumOfWeights_LHEPDFweights37": 797552.1414087074,
  "nSumOfWeights_LHEPDFweights38": 797421.8347013409,
  "nSumOfWeights_LHEPDFweights39": 794760.7051090531,
  "nSumOfWeights_LHEPDFweights40": 795975.369503761,
  "nSumOfWeights_LHEPDFweights41": 796649.009996165,
  "nSumOfWeights_LHEPDFweights42": 793745.5946854255,
  "nSumOfWeights_LHEPDFweights43": 795370.7856696075,
  "nSumOfWeights_LHEPDFweights44": 795381.108290017,
  "nSumOfWeights_LHEPDFweights45": 795585.9306731707,
  "nSumOfWeights_LHEPDFweights46": 794746.4401500921,
  "nSumOfWeights_LHEPDFweights47": 795529.8386635898,
  "nSumOfWeights_LHEPDFweights48": 797528.2156648707,
  "nSumOfWeights_LHEPDFweights49": 794576.9945839945,
  "nSumOfWeights_LHEPDFweights50": 795822.9391838175,
  "nSumOfWeights_LHEPDFweights51": 796994.7146354786,
  "nSumOfWeights_LHEPDFweights52": 796164.4459405913,
  "nSumOfWeights_LHEPDFweights53": 796066.49814341,
  "nSumOfWeights_LHEPDFweights54": 796424.8877726095,
  "nSumOfWeights_LHEPDFweights55": 797288.2290222737,
  "nSumOfWeights_LHEPDFweights56": 797203.6170076142,
  "nSumOfWeights_LHEPDFweights57": 795970.3623455343,
  "nSumOfWeights_LHEPDFweights58": 796292.9082492576,
  "nSumOfWeights_LHEPDFweights59": 797148.3151564068,
  "nSumOfWeights_LHEPDFweights60": 797105.6505844318,
  "nSumOfWeights_LHEPDFweights61": 796598.6160668316,
  "nSumOfWeights_LHEPDFweights62": 796316.8663016201,
  "nSumOfWeights_LHEPDFweights63": 795158.6041033696,
  "nSumOfWeights_LHEPDFweights64": 796900.4172509213,
  "nSumOfWeights_LHEPDFweights65": 796103.555976348,
  "nSumOfWeights_LHEPDFweights66": 797077.1092459471,
  "nSumOfWeights_LHEPDFweights67": 797046.5427380644,
  "nSumOfWeights_LHEPDFweights68": 796408.103553303,
  "nSumOfWeights_LHEPDFweights69": 795836.3285812896,
  "nSumOfWeights_LHEPDFweights70": 796086.3569915257,
  "nSumOfWeights_LHEPDFweights71": 796342.5214769954,
  "nSumOfWeights_LHEPDFweights72": 796231.0549497297,
  "nSumOfWeights_LHEPDFweights73": 796657.7165086166,
  "nSumOfWeights_LHEPDFweights74": 795807.0712509527,
  "nSumOfWeights_LHEPDFweights75": 796021.0700322594,
  "nSumOfWeights_LHEPDFweights76": 796035.4800159016,
  "nSumOfWeights_LHEPDFweights77": 796539.9258913253,
  "nSumOfWeights_LHEPDFweights78": 796612.7510981897,
  "nSumOfWeights_LHEPDFweights79": 795517.0302101991,
  "nSumOfWeights_LHEPDFweights80": 796180.9574828891,
  "nSumOfWeights_LHEPDFweights81": 796340.032254099,
  "nSumOfWeights_LHEPDFweights82": 796527.4316872149,
  "nSumOfWeights_LHEPDFweights83": 795765.7828469975,
  "nSumOfWeights_LHEPDFweights84": 796571.0763871474,
  "nSumOfWeights_LHEPDFweights85": 795827.4562916964,
  "nSumOfWeights_LHEPDFweights86": 796114.5913721251,
  "nSumOfWeights_LHEPDFweights87": 796753.6163069707,
  "nSumOfWeights_LHEPDFweights88": 796179.3813458835,
  "nSumOfWeights_LHEPDFweights89": 796399.5008900911,
  "nSumOfWeights_LHEPDFweights90": 796141.5243079602,
  "nSumOfWeights_LHEPDFweights91": 796425.50269441,
  "nSumOfWeights_LHEPDFweights92": 795982.125617722,
  "nSumOfWeights_LHEPDFweights93": 796204.0148347609,
  "nSumOfWeights_LHEPDFweights94": 796264.5218740478,
  "nSumOfWeights_LHEPDFweights95": 796206.7404290589,
  "nSumOfWeights_LHEPDFweights96": 796066.83501476,
  "nSumOfWeights_LHEPDFweights97": 796200.649998717,
  "nSumOfWeights_LHEPDFweights98": 796312.5172584131,
  "nSumOfWeights_LHEPDFweights99": 796393.1432674733,
  "nSumOfWeights_LHEPDFweights100": 796203.2630959451,
  "nSumOfWeights_LHEPDFweights101": 0.0,
  "nSumOfWeights_LHEPDFweights102": 0.0,
  "nSumOfWeights_hdampUp": 796209.3926209211,
  "nSumOfWeights_hdampDown": 796209.3926209211,
  "nSumOfWeights_toppt": 796209.3926209211
}