{
  "xsec": 0.2086,
  "year": "2016",
  "treeName": "Events",
  "histAxisName": "WWW_centralUL16",
  "options": "",
  "WCnames": [],
  "files": [
    "/store/user/hnelson2/skims/mc/ptSkim/background/UL16_WWW_4F/output_569.root",
    "/store/user/hnelson2/skims/mc/ptSkim/background/UL16_WWW_4F/output_1258.root",
    "/store/user/hnelson2/skims/mc/ptSkim/background/UL16_WWW_4F/output_1945.root",
    "/store/user/hnelson2/skims/mc/ptSkim/background/UL16_WWW_4F/output_1828.root",
    "/store/user/hnelson2/skims/mc/ptSkim/background/UL16_WWW_4F/output_2014.root"
  ],
  "nEvents": 4228000,
  "nSumOfWeights": 912852.1519065598,
  "isData": false,
  "path": "/store/mc/RunIISummer20UL16NanoAODv9/WWW_4F_TuneCP5_13TeV-amcatnlo-pythia8/NANOAODSIM/",
  "nSumOfWeights_ISRUp": 912770.4285642748,
  "nSumOfWeights_ISRDown": 912884.1787554325,
  "nSumOfWeights_FSRUp": 912933.8015248766,
  "nSumOfWeights_FSRDown": 912628.0497621556,
  "nSumOfWeights_renormUp": 883966.1318122416,
  "nSumOfWeights_renormDown": 947780.6057875677,
  "nSumOfWeights_factUp": 904353.3778446445,
  "nSumOfWeights_factDown": 923176.5113263582,
  "nSumOfWeights_renormfactUp": 876009.1938814054,
  "nSumOfWeights_renormfactDown": 959206.467247667,
  "nSumOfWeights_LHEPDFweights0": 912852.1325798035,
  "nSumOfWeights_LHEPDFweights1": 913212.6104277651,
  "nSumOfWeights_LHEPDFweights2": 912501.8722619119,
  "nSumOfWeights_LHEPDFweights3": 912140.6953732222,
  "nSumOfWeights_LHEPDFweights4": 914035.0538630006,
  "nSumOfWeights_LHEPDFweights5": 911484.9117624864,
  "nSumOfWeights_LHEPDFweights6": 912593.5137484868,
  "nSumOfWeights_LHEPDFweights7": 911495.4121722429,
  "nSumOfWeights_LHEPDFweights8": 909744.6838069898,
  "nSumOfWeights_LHEPDFweights9": 916130.8135487401,
  "nSumOfWeights_LHEPDFweights10": 911001.3177724904,
  "nSumOfWeights_LHEPDFweights11": 914003.2595010865,
  "nSumOfWeights_LHEPDFweights12": 912703.9614324308,
  "nSumOfWeights_LHEPDFweights13": 915653.1053974307,
  "nSumOfWeights_LHEPDFweights14": 912739.6823689773,
  "nSumOfWeights_LHEPDFweights15": 918638.9770963959,
  "nSumOfWeights_LHEPDFweights16": 911463.4511139686,
  "nSumOfWeights_LHEPDFweights17": 912391.9533387052,
  "nSumOfWeights_LHEPDFweights18": 909142.8050392829,
  "nSumOfWeights_LHEPDFweights19": 913032.4288782696,
  "nSumOfWeights_LHEPDFweights20": 914220.8675708424,
  "nSumOfWeights_LHEPDFweights21": 910217.6194220737,
  "nSumOfWeights_LHEPDFweights22": 915409.7653650825,
  "nSumOfWeights_LHEPDFweights23": 911098.1633533868,
  "nSumOfWeights_LHEPDFweights24": 910278.2548523411,
  "nSumOfWeights_LHEPDFweights25": 911937.5730860436,
  "nSumOfWeights_LHEPDFweights26": 912676.5305898509,
  "nSumOfWeights_LHEPDFweights27": 916117.3502478506,
  "nSumOfWeights_LHEPDFweights28": 913751.7042324976,
  "nSumOfWeights_LHEPDFweights29": 917010.8625900013,
  "nSumOfWeights_LHEPDFweights30": 914766.059946659,
  "nSumOfWeights_LHEPDFweights31": 917473.2167207678,
  "nSumOfWeights_LHEPDFweights32": 912077.8219969774,
  "nSumOfWeights_LHEPDFweights33": 914810.2718975344,
  "nSumOfWeights_LHEPDFweights34": 914253.0777240775,
  "nSumOfWeights_LHEPDFweights35": 911598.0556121855,
  "nSumOfWeights_LHEPDFweights36": 910755.0397964652,
  "nSumOfWeights_LHEPDFweights37": 914662.580898369,
  "nSumOfWeights_LHEPDFweights38": 914005.1311378814,
  "nSumOfWeights_LHEPDFweights39": 911307.4001570112,
  "nSumOfWeights_LHEPDFweights40": 912717.8521500631,
  "nSumOfWeights_LHEPDFweights41": 913376.7722232968,
  "nSumOfWeights_LHEPDFweights42": 910073.0864088209,
  "nSumOfWeights_LHEPDFweights43": 911849.8148105108,
  "nSumOfWeights_LHEPDFweights44": 911970.1216215356,
  "nSumOfWeights_LHEPDFweights45": 912890.4689161235,
  "nSumOfWeights_LHEPDFweights46": 911991.2705517381,
  "nSumOfWeights_LHEPDFweights47": 912616.3107356387,
  "nSumOfWeights_LHEPDFweights48": 913560.2699265718,
  "nSumOfWeights_LHEPDFweights49": 911123.8256831148,
  "nSumOfWeights_LHEPDFweights50": 912212.9017641183,
  "nSumOfWeights_LHEPDFweights51": 913917.9205879151,
  "nSumOfWeights_LHEPDFweights52": 912428.8916824027,
  "nSumOfWeights_LHEPDFweights53": 912613.0323587018,
  "nSumOfWeights_LHEPDFweights54": 912890.1606465891,
  "nSumOfWeights_LHEPDFweights55": 914104.1294956922,
  "nSumOfWeights_LHEPDFweights56": 913299.6329724311,
  "nSumOfWeights_LHEPDFweights57": 912703.4666946428,
  "nSumOfWeights_LHEPDFweights58": 913085.209737446,
  "nSumOfWeights_LHEPDFweights59": 913687.0848074885,
  "nSumOfWeights_LHEPDFweights60": 913692.4692674555,
  "nSumOfWeights_LHEPDFweights61": 913252.2532988728,
  "nSumOfWeights_LHEPDFweights62": 912887.6983386758,
  "nSumOfWeights_LHEPDFweights63": 912001.0785780577,
  "nSumOfWeights_LHEPDFweights64": 913657.4421714556,
  "nSumOfWeights_LHEPDFweights65": 912851.4024346578,
  "nSumOfWeights_LHEPDFweights66": 913846.463869387,
  "nSumOfWeights_LHEPDFweights67": 913704.9136102223,
  "nSumOfWeights_LHEPDFweights68": 912547.9228384919,
  "nSumOfWeights_LHEPDFweights69": 912240.6765021193,
  "nSumOfWeights_LHEPDFweights70": 912606.4128561892,
  "nSumOfWeights_LHEPDFweights71": 913028.0331796997,
  "nSumOfWeights_LHEPDFweights72": 912936.7125078839,
  "nSumOfWeights_LHEPDFweights73": 913184.3768975809,
  "nSumOfWeights_LHEPDFweights74": 912513.3186745143,
  "nSumOfWeights_LHEPDFweights75": 912580.8791870922,
  "nSumOfWeights_LHEPDFweights76": 912529.1765998458,
  "nSumOfWeights_LHEPDFweights77": 913160.1135930303,
  "nSumOfWeights_LHEPDFweights78": 913110.2359228221,
  "nSumOfWeights_LHEPDFweights79": 912082.4851370112,
  "nSumOfWeights_LHEPDFweights80": 912781.615346475,
  "nSumOfWeights_LHEPDFweights81": 913024.3934365251,
  "nSumOfWeights_LHEPDFweights82": 913256.7105165086,
  "nSumOfWeights_LHEPDFweights83": 912231.4630275127,
  "nSumOfWeights_LHEPDFweights84": 913238.7892065286,
  "nSumOfWeights_LHEPDFweights85": 912558.0296647474,
  "nSumOfWeights_LHEPDFweights86": 912814.0282520042,
  "nSumOfWeights_LHEPDFweights87": 913227.6792922245,
  "nSumOfWeights_LHEPDFweights88": 912959.836502801,
  "nSumOfWeights_LHEPDFweights89": 913112.7993403561,
  "nSumOfWeights_LHEPDFweights90": 912681.3703383887,
  "nSumOfWeights_LHEPDFweights91": 913077.5526075562,
  "nSumOfWeights_LHEPDFweights92": 912512.7596206353,
  "nSumOfWeights_LHEPDFweights93": 912781.4908882075,
  "nSumOfWeights_LHEPDFweights94": 912645.1351208836,
  "nSumOfWeights_LHEPDFweights95": 912704.3558127041,
  "nSumOfWeights_LHEPDFweights96": 912706.8393510813,
  "nSumOfWeights_LHEPDFweights97": 912842.8711811034,
  "nSumOfWeights_LHEPDFweights98": 912838.252606573,
  "nSumOfWeights_LHEPDFweights99": 912890.5826242734,
  "nSumOfWeights_LHEPDFweights100": 912844.1231041104,
  "nSumOfWeights_LHEPDFweights101": 0.0,
  "nSumOfWeights_LHEPDFweights102": 0.0,
  "nSumOfWeights_hdampUp": 912852.1325798035,
  "nSumOfWeights_hdampDown": 912852.1325798035,
  "nSumOfWeights_toppt": 912852.1325798035
}