{
  "xsec": 0.2086,
  "year": "2016APV",
  "treeName": "Events",
  "histAxisName": "WWW_centralUL16APV",
  "options": "",
  "WCnames": [],
  "files": [
    "/store/user/hnelson2/skims/mc/ptSkim/background/UL16APV_WWW_4F/output_1763.root",
    "/store/user/hnelson2/skims/mc/ptSkim/background/UL16APV_WWW_4F/output_1227.root",
    "/store/user/hnelson2/skims/mc/ptSkim/background/UL16APV_WWW_4F/output_2061.root",
    "/store/user/hnelson2/skims/mc/ptSkim/background/UL16APV_WWW_4F/output_2161.root",
    "/store/user/hnelson2/skims/mc/ptSkim/background/UL16APV_WWW_4F/output_1766.root",
    "/store/user/hnelson2/skims/mc/ptSkim/background/UL16APV_WWW_4F/output_1603.root"
  ],
  "nEvents": 5261000,
  "nSumOfWeights": 1135606.84897814,
  "isData": false,
  "path": "/store/mc/RunIISummer20UL16NanoAODAPVv9/WWW_4F_TuneCP5_13TeV-amcatnlo-pythia8/NANOAODSIM/",
  "nSumOfWeights_ISRUp": 1135571.7244947234,
  "nSumOfWeights_ISRDown": 1135547.3632634056,
  "nSumOfWeights_FSRUp": 1135245.9948287904,
  "nSumOfWeights_FSRDown": 1136158.353133763,
  "nSumOfWeights_renormUp": 1099695.3613736401,
  "nSumOfWeights_renormDown": 1179028.8799544603,
  "nSumOfWeights_factUp": 1124834.8994313623,
  "nSumOfWeights_factDown": 1148678.740786063,
  "nSumOfWeights_renormfactUp": 1089613.1402632478,
  "nSumOfWeights_renormfactDown": 1193493.120794396,
  "nSumOfWeights_LHEPDFweights0": 1135606.8249352574,
  "nSumOfWeights_LHEPDFweights1": 1136035.4163779577,
  "nSumOfWeights_LHEPDFweights2": 1135157.4719533254,
  "nSumOfWeights_LHEPDFweights3": 1134721.111176164,
  "nSumOfWeights_LHEPDFweights4": 1137085.414191811,
  "nSumOfWeights_LHEPDFweights5": 1133910.1334590875,
  "nSumOfWeights_LHEPDFweights6": 1135279.8119985145,
  "nSumOfWeights_LHEPDFweights7": 1133929.7285488187,
  "nSumOfWeights_LHEPDFweights8": 1131751.2852549262,
  "nSumOfWeights_LHEPDFweights9": 1139680.396887092,
  "nSumOfWeights_LHEPDFweights10": 1133278.5487556315,
  "nSumOfWeights_LHEPDFweights11": 1137053.8218692006,
  "nSumOfWeights_LHEPDFweights12": 1135422.7830944941,
  "nSumOfWeights_LHEPDFweights13": 1139070.9611481999,
  "nSumOfWeights_LHEPDFweights14": 1135501.1321472786,
  "nSumOfWeights_LHEPDFweights15": 1142819.3545740794,
  "nSumOfWeights_LHEPDFweights16": 1133867.1057320707,
  "nSumOfWeights_LHEPDFweights17": 1135061.1705999724,
  "nSumOfWeights_LHEPDFweights18": 1131024.8105471043,
  "nSumOfWeights_LHEPDFweights19": 1135815.6965338294,
  "nSumOfWeights_LHEPDFweights20": 1137326.241318687,
  "nSumOfWeights_LHEPDFweights21": 1132330.1712338957,
  "nSumOfWeights_LHEPDFweights22": 1138795.2437147459,
  "nSumOfWeights_LHEPDFweights23": 1133414.9775095999,
  "nSumOfWeights_LHEPDFweights24": 1132394.3436079533,
  "nSumOfWeights_LHEPDFweights25": 1134487.210473388,
  "nSumOfWeights_LHEPDFweights26": 1135358.8695427491,
  "nSumOfWeights_LHEPDFweights27": 1139655.624381971,
  "nSumOfWeights_LHEPDFweights28": 1136766.6793145835,
  "nSumOfWeights_LHEPDFweights29": 1140752.8919064272,
  "nSumOfWeights_LHEPDFweights30": 1138005.897875288,
  "nSumOfWeights_LHEPDFweights31": 1141331.3048913134,
  "nSumOfWeights_LHEPDFweights32": 1134691.4117880207,
  "nSumOfWeights_LHEPDFweights33": 1138095.5643493976,
  "nSumOfWeights_LHEPDFweights34": 1137320.7779959328,
  "nSumOfWeights_LHEPDFweights35": 1134031.4374503347,
  "nSumOfWeights_LHEPDFweights36": 1132977.6187363358,
  "nSumOfWeights_LHEPDFweights37": 1137832.8292541513,
  "nSumOfWeights_LHEPDFweights38": 1137031.8190391082,
  "nSumOfWeights_LHEPDFweights39": 1133693.0627699222,
  "nSumOfWeights_LHEPDFweights40": 1135476.0919985892,
  "nSumOfWeights_LHEPDFweights41": 1136264.6711931783,
  "nSumOfWeights_LHEPDFweights42": 1132137.1848708629,
  "nSumOfWeights_LHEPDFweights43": 1134380.778549523,
  "nSumOfWeights_LHEPDFweights44": 1134503.9105100264,
  "nSumOfWeights_LHEPDFweights45": 1135688.0876863687,
  "nSumOfWeights_LHEPDFweights46": 1134577.0224273019,
  "nSumOfWeights_LHEPDFweights47": 1135373.0915566476,
  "nSumOfWeights_LHEPDFweights48": 1136485.8422919922,
  "nSumOfWeights_LHEPDFweights49": 1133499.2475486551,
  "nSumOfWeights_LHEPDFweights50": 1134846.7571555155,
  "nSumOfWeights_LHEPDFweights51": 1136929.996896583,
  "nSumOfWeights_LHEPDFweights52": 1135094.5808419902,
  "nSumOfWeights_LHEPDFweights53": 1135302.7899571543,
  "nSumOfWeights_LHEPDFweights54": 1135641.7231112393,
  "nSumOfWeights_LHEPDFweights55": 1137134.535966908,
  "nSumOfWeights_LHEPDFweights56": 1136173.3106281552,
  "nSumOfWeights_LHEPDFweights57": 1135430.2135981736,
  "nSumOfWeights_LHEPDFweights58": 1135901.0520339748,
  "nSumOfWeights_LHEPDFweights59": 1136638.5973397414,
  "nSumOfWeights_LHEPDFweights60": 1136631.7430056755,
  "nSumOfWeights_LHEPDFweights61": 1136105.491724064,
  "nSumOfWeights_LHEPDFweights62": 1135646.6632031088,
  "nSumOfWeights_LHEPDFweights63": 1134530.3324034573,
  "nSumOfWeights_LHEPDFweights64": 1136615.6762383194,
  "nSumOfWeights_LHEPDFweights65": 1135605.6257867585,
  "nSumOfWeights_LHEPDFweights66": 1136856.4638491457,
  "nSumOfWeights_LHEPDFweights67": 1136655.785236604,
  "nSumOfWeights_LHEPDFweights68": 1135215.2498719366,
  "nSumOfWeights_LHEPDFweights69": 1134849.3358882568,
  "nSumOfWeights_LHEPDFweights70": 1135304.2184591908,
  "nSumOfWeights_LHEPDFweights71": 1135828.2356943225,
  "nSumOfWeights_LHEPDFweights72": 1135701.6474507903,
  "nSumOfWeights_LHEPDFweights73": 1136019.0620021136,
  "nSumOfWeights_LHEPDFweights74": 1135194.00028523,
  "nSumOfWeights_LHEPDFweights75": 1135274.4506516787,
  "nSumOfWeights_LHEPDFweights76": 1135209.4228387221,
  "nSumOfWeights_LHEPDFweights77": 1135979.5743126762,
  "nSumOfWeights_LHEPDFweights78": 1135920.09241405,
  "nSumOfWeights_LHEPDFweights79": 1134639.0321398093,
  "nSumOfWeights_LHEPDFweights80": 1135532.1626328535,
  "nSumOfWeights_LHEPDFweights81": 1135836.5834071857,
  "nSumOfWeights_LHEPDFweights82": 1136120.50883607,
  "nSumOfWeights_LHEPDFweights83": 1134833.489322078,
  "nSumOfWeights_LHEPDFweights84": 1136081.4152465113,
  "nSumOfWeights_LHEPDFweights85": 1135228.5453329368,
  "nSumOfWeights_LHEPDFweights86": 1135558.4230807135,
  "nSumOfWeights_LHEPDFweights87": 1136081.8975415663,
  "nSumOfWeights_LHEPDFweights88": 1135729.4129661964,
  "nSumOfWeights_LHEPDFweights89": 1135931.8685350846,
  "nSumOfWeights_LHEPDFweights90": 1135394.996662394,
  "nSumOfWeights_LHEPDFweights91": 1135872.489000694,
  "nSumOfWeights_LHEPDFweights92": 1135185.2816023892,
  "nSumOfWeights_LHEPDFweights93": 1135522.6953172544,
  "nSumOfWeights_LHEPDFweights94": 1135350.7770851701,
  "nSumOfWeights_LHEPDFweights95": 1135416.056490705,
  "nSumOfWeights_LHEPDFweights96": 1135427.7000434604,
  "nSumOfWeights_LHEPDFweights97": 1135596.4204769311,
  "nSumOfWeights_LHEPDFweights98": 1135588.3835737593,
  "nSumOfWeights_LHEPDFweights99": 1135647.9862656705,
  "nSumOfWeights_LHEPDFweights100": 1135596.906572491,
  "nSumOfWeights_LHEPDFweights101": 0.0,
  "nSumOfWeights_LHEPDFweights102": 0.0,
  "nSumOfWeights_hdampUp": 1135606.8249352574,
  "nSumOfWeights_hdampDown": 1135606.8249352574,
  "nSumOfWeights_toppt": 1135606.8249352574
}