{
  "xsec": 0.2043,
  "year": "2016APV",
  "treeName": "Events",
  "histAxisName": "ttW_centralUL16APV",
  "options": "",
  "WCnames": [],
  "files": [
    "/store/user/hnelson2/skims/mc/ptSkim/background/UL16APV_TTWJetsToLNu/output_1599.root",
    "/store/user/hnelson2/skims/mc/ptSkim/background/UL16APV_TTWJetsToLNu/output_806.root",
    "/store/user/hnelson2/skims/mc/ptSkim/background/UL16APV_TTWJetsToLNu/output_2127.root",
    "/store/user/hnelson2/skims/mc/ptSkim/background/UL16APV_TTWJetsToLNu/output_1771.root",
    "/store/user/hnelson2/skims/mc/ptSkim/background/UL16APV_TTWJetsToLNu/output_1853.root",
    "/store/user/hnelson2/skims/mc/ptSkim/background/UL16APV_TTWJetsToLNu/output_12.root",
    "/store/user/hnelson2/skims/mc/ptSkim/background/UL16APV_TTWJetsToLNu/output_248.root"
  ],
  "nEvents": 2850164,
  "nSumOfWeights": 953960.4529812002,
  "isData": false,
  "path": "/store/mc/RunIISummer20UL16NanoAODAPVv9/TTWJetsToLNu_TuneCP5_13TeV-amcatnloFXFX-madspin-pythia8/NANOAODSIM/",
  "nSumOfWeights_ISRUp": 963771.522412683,
  "nSumOfWeights_ISRDown": 941452.5563617405,
  "nSumOfWeights_FSRUp": 954717.9345782362,
  "nSumOfWeights_FSRDown": 953683.0938819256,
  "nSumOfWeights_renormUp": 859783.7932679555,
  "nSumOfWeights_renormDown": 1040953.4396921373,
  "nSumOfWeights_factUp": 939581.3336756763,
  "nSumOfWeights_factDown": 972886.330403764,
  "nSumOfWeights_renormfactUp": 841864.0425388911,
  "nSumOfWeights_renormfactDown": 1051558.188174465,
  "nSumOfWeights_LHEPDFweights0": 953960.4223895073,
  "nSumOfWeights_LHEPDFweights1": 954134.6252693034,
  "nSumOfWeights_LHEPDFweights2": 953749.1675557392,
  "nSumOfWeights_LHEPDFweights3": 954138.3060537175,
  "nSumOfWeights_LHEPDFweights4": 955154.3766606548,
  "nSumOfWeights_LHEPDFweights5": 952308.5764914472,
  "nSumOfWeights_LHEPDFweights6": 953542.3957488728,
  "nSumOfWeights_LHEPDFweights7": 951944.8707628639,
  "nSumOfWeights_LHEPDFweights8": 950163.1153413951,
  "nSumOfWeights_LHEPDFweights9": 957792.1035534143,
  "nSumOfWeights_LHEPDFweights10": 952443.7851879664,
  "nSumOfWeights_LHEPDFweights11": 956135.911533785,
  "nSumOfWeights_LHEPDFweights12": 953348.230430484,
  "nSumOfWeights_LHEPDFweights13": 957326.123779302,
  "nSumOfWeights_LHEPDFweights14": 953724.8481221232,
  "nSumOfWeights_LHEPDFweights15": 960182.8784538064,
  "nSumOfWeights_LHEPDFweights16": 952922.7693018665,
  "nSumOfWeights_LHEPDFweights17": 953784.1738900406,
  "nSumOfWeights_LHEPDFweights18": 949476.9264270542,
  "nSumOfWeights_LHEPDFweights19": 953702.3043262116,
  "nSumOfWeights_LHEPDFweights20": 954898.1382500108,
  "nSumOfWeights_LHEPDFweights21": 950560.8326886288,
  "nSumOfWeights_LHEPDFweights22": 956623.8808496417,
  "nSumOfWeights_LHEPDFweights23": 952539.9451245666,
  "nSumOfWeights_LHEPDFweights24": 950757.4466956556,
  "nSumOfWeights_LHEPDFweights25": 953481.8061900099,
  "nSumOfWeights_LHEPDFweights26": 954110.8330660803,
  "nSumOfWeights_LHEPDFweights27": 956918.0902204136,
  "nSumOfWeights_LHEPDFweights28": 954259.2308165529,
  "nSumOfWeights_LHEPDFweights29": 959124.9992806101,
  "nSumOfWeights_LHEPDFweights30": 956873.6545857842,
  "nSumOfWeights_LHEPDFweights31": 958698.2536166331,
  "nSumOfWeights_LHEPDFweights32": 953052.3512756524,
  "nSumOfWeights_LHEPDFweights33": 956934.4927905081,
  "nSumOfWeights_LHEPDFweights34": 955065.1794452313,
  "nSumOfWeights_LHEPDFweights35": 952532.6371360737,
  "nSumOfWeights_LHEPDFweights36": 951974.9268503897,
  "nSumOfWeights_LHEPDFweights37": 955760.818616177,
  "nSumOfWeights_LHEPDFweights38": 955487.0415951287,
  "nSumOfWeights_LHEPDFweights39": 951743.8943999099,
  "nSumOfWeights_LHEPDFweights40": 953292.9810220741,
  "nSumOfWeights_LHEPDFweights41": 954267.5209388158,
  "nSumOfWeights_LHEPDFweights42": 950152.5450220375,
  "nSumOfWeights_LHEPDFweights43": 952535.848148363,
  "nSumOfWeights_LHEPDFweights44": 952844.9271143868,
  "nSumOfWeights_LHEPDFweights45": 953750.5765547907,
  "nSumOfWeights_LHEPDFweights46": 952533.6530352477,
  "nSumOfWeights_LHEPDFweights47": 953639.3894528758,
  "nSumOfWeights_LHEPDFweights48": 955177.7368206792,
  "nSumOfWeights_LHEPDFweights49": 951693.5064902259,
  "nSumOfWeights_LHEPDFweights50": 953212.0295639554,
  "nSumOfWeights_LHEPDFweights51": 955527.9187044326,
  "nSumOfWeights_LHEPDFweights52": 953234.7913814604,
  "nSumOfWeights_LHEPDFweights53": 953813.6441962561,
  "nSumOfWeights_LHEPDFweights54": 954086.8820964769,
  "nSumOfWeights_LHEPDFweights55": 955336.0100180637,
  "nSumOfWeights_LHEPDFweights56": 954362.1382868866,
  "nSumOfWeights_LHEPDFweights57": 953466.9948914461,
  "nSumOfWeights_LHEPDFweights58": 954220.8490400708,
  "nSumOfWeights_LHEPDFweights59": 954811.6253333963,
  "nSumOfWeights_LHEPDFweights60": 955148.4414431488,
  "nSumOfWeights_LHEPDFweights61": 954621.2486323344,
  "nSumOfWeights_LHEPDFweights62": 954079.9682937205,
  "nSumOfWeights_LHEPDFweights63": 952562.819548677,
  "nSumOfWeights_LHEPDFweights64": 954817.2805527321,
  "nSumOfWeights_LHEPDFweights65": 954006.1851319252,
  "nSumOfWeights_LHEPDFweights66": 954977.9753242587,
  "nSumOfWeights_LHEPDFweights67": 954943.9736666484,
  "nSumOfWeights_LHEPDFweights68": 953810.6579659758,
  "nSumOfWeights_LHEPDFweights69": 953015.169271577,
  "nSumOfWeights_LHEPDFweights70": 953631.1209325632,
  "nSumOfWeights_LHEPDFweights71": 953933.1260263029,
  "nSumOfWeights_LHEPDFweights72": 953943.4292491674,
  "nSumOfWeights_LHEPDFweights73": 954412.8491751817,
  "nSumOfWeights_LHEPDFweights74": 953299.0431299526,
  "nSumOfWeights_LHEPDFweights75": 953550.1650424823,
  "nSumOfWeights_LHEPDFweights76": 953551.5167157124,
  "nSumOfWeights_LHEPDFweights77": 954340.081555956,
  "nSumOfWeights_LHEPDFweights78": 954480.6153846476,
  "nSumOfWeights_LHEPDFweights79": 952986.6452203856,
  "nSumOfWeights_LHEPDFweights80": 953953.334548421,
  "nSumOfWeights_LHEPDFweights81": 954351.1654125252,
  "nSumOfWeights_LHEPDFweights82": 954488.4324208423,
  "nSumOfWeights_LHEPDFweights83": 953230.5049496857,
  "nSumOfWeights_LHEPDFweights84": 954392.6095987353,
  "nSumOfWeights_LHEPDFweights85": 953588.8102154634,
  "nSumOfWeights_LHEPDFweights86": 953976.7762688401,
  "nSumOfWeights_LHEPDFweights87": 954565.5312695742,
  "nSumOfWeights_LHEPDFweights88": 954001.7068903763,
  "nSumOfWeights_LHEPDFweights89": 954185.4122445881,
  "nSumOfWeights_LHEPDFweights90": 953773.4834952317,
  "nSumOfWeights_LHEPDFweights91": 954261.4327396601,
  "nSumOfWeights_LHEPDFweights92": 953507.8089126348,
  "nSumOfWeights_LHEPDFweights93": 953818.4480729494,
  "nSumOfWeights_LHEPDFweights94": 953868.7454258539,
  "nSumOfWeights_LHEPDFweights95": 953880.0457509471,
  "nSumOfWeights_LHEPDFweights96": 953667.0809130967,
  "nSumOfWeights_LHEPDFweights97": 953961.6758975685,
  "nSumOfWeights_LHEPDFweights98": 953980.3019906282,
  "nSumOfWeights_LHEPDFweights99": 953996.7417395413,
  "nSumOfWeights_LHEPDFweights100": 953952.4916191697,
  "nSumOfWeights_LHEPDFweights101": 916340.4365953401,
  "nSumOfWeights_LHEPDFweights102": 989726.4053837705,
  "nSumOfWeights_hdampUp": 953960.4223895073,
  "nSumOfWeights_hdampDown": 953960.4223895073,
  "nSumOfWeights_toppt": 953960.4223895073
}