{
  "xsec": 0.1651,
  "year": "2016APV",
  "treeName": "Events",
  "histAxisName": "WWZ_4F_centralUL16APV",
  "options": "",
  "WCnames": [],
  "files": [
    "/store/user/hnelson2/skims/mc/ptSkim/background/UL16APV_WWZ_4F/output_2104.root",
    "/store/user/hnelson2/skims/mc/ptSkim/background/UL16APV_WWZ_4F/output_506.root",
    "/store/user/hnelson2/skims/mc/ptSkim/background/UL16APV_WWZ_4F/output_1918.root",
    "/store/user/hnelson2/skims/mc/ptSkim/background/UL16APV_WWZ_4F/output_1764.root",
    "/store/user/hnelson2/skims/mc/ptSkim/background/UL16APV_WWZ_4F/output_2162.root"
  ],
  "nEvents": 5153000,
  "nSumOfWeights": 880109.74443816,
  "isData": false,
  "path": "/store/mc/RunIISummer20UL16NanoAODAPVv9/WWZ_4F_TuneCP5_13TeV-amcatnlo-pythia8/NANOAODSIM/",
  "nSumOfWeights_ISRUp": 880109.4429833428,
  "nSumOfWeights_ISRDown": 880013.2520918108,
  "nSumOfWeights_FSRUp": 880070.7869274728,
  "nSumOfWeights_FSRDown": 880068.958687662,
  "nSumOfWeights_renormUp": 849870.7593456315,
  "nSumOfWeights_renormDown": 916592.5909633667,
  "nSumOfWeights_factUp": 867168.8563715782,
  "nSumOfWeights_factDown": 895665.328393436,
  "nSumOfWeights_renormfactUp": 837436.7797529888,
  "nSumOfWeights_renormfactDown": 933160.9114801872,
  "nSumOfWeights_LHEPDFweights0": 880109.7311156988,
  "nSumOfWeights_LHEPDFweights1": 880272.5100071025,
  "nSumOfWeights_LHEPDFweights2": 879693.6246393612,
  "nSumOfWeights_LHEPDFweights3": 880030.1083729137,
  "nSumOfWeights_LHEPDFweights4": 881056.3480659751,
  "nSumOfWeights_LHEPDFweights5": 879328.7557964665,
  "nSumOfWeights_LHEPDFweights6": 879524.8279616479,
  "nSumOfWeights_LHEPDFweights7": 878526.7533137472,
  "nSumOfWeights_LHEPDFweights8": 877236.6142603024,
  "nSumOfWeights_LHEPDFweights9": 882782.0971489635,
  "nSumOfWeights_LHEPDFweights10": 878547.0748063598,
  "nSumOfWeights_LHEPDFweights11": 881345.3142546911,
  "nSumOfWeights_LHEPDFweights12": 879767.701328765,
  "nSumOfWeights_LHEPDFweights13": 882821.637963464,
  "nSumOfWeights_LHEPDFweights14": 880040.1250441883,
  "nSumOfWeights_LHEPDFweights15": 885037.6036755783,
  "nSumOfWeights_LHEPDFweights16": 879058.1608929234,
  "nSumOfWeights_LHEPDFweights17": 879739.9953242848,
  "nSumOfWeights_LHEPDFweights18": 876381.095426264,
  "nSumOfWeights_LHEPDFweights19": 880211.3379324959,
  "nSumOfWeights_LHEPDFweights20": 881156.4586264315,
  "nSumOfWeights_LHEPDFweights21": 877533.8884461019,
  "nSumOfWeights_LHEPDFweights22": 882798.3778395398,
  "nSumOfWeights_LHEPDFweights23": 879023.6218275498,
  "nSumOfWeights_LHEPDFweights24": 877956.9816734008,
  "nSumOfWeights_LHEPDFweights25": 879679.7987892975,
  "nSumOfWeights_LHEPDFweights26": 880558.4726514771,
  "nSumOfWeights_LHEPDFweights27": 882750.3367253735,
  "nSumOfWeights_LHEPDFweights28": 880699.1641773407,
  "nSumOfWeights_LHEPDFweights29": 884087.2814046058,
  "nSumOfWeights_LHEPDFweights30": 882163.087119851,
  "nSumOfWeights_LHEPDFweights31": 884583.1657636558,
  "nSumOfWeights_LHEPDFweights32": 879311.623949739,
  "nSumOfWeights_LHEPDFweights33": 882105.9479860137,
  "nSumOfWeights_LHEPDFweights34": 881416.8291249312,
  "nSumOfWeights_LHEPDFweights35": 878919.9669305086,
  "nSumOfWeights_LHEPDFweights36": 877907.9004051668,
  "nSumOfWeights_LHEPDFweights37": 881616.0798346889,
  "nSumOfWeights_LHEPDFweights38": 881473.1293950662,
  "nSumOfWeights_LHEPDFweights39": 878507.3720079036,
  "nSumOfWeights_LHEPDFweights40": 879848.8111887788,
  "nSumOfWeights_LHEPDFweights41": 880596.1668350201,
  "nSumOfWeights_LHEPDFweights42": 877394.9578686275,
  "nSumOfWeights_LHEPDFweights43": 879189.9810715286,
  "nSumOfWeights_LHEPDFweights44": 879195.8889261784,
  "nSumOfWeights_LHEPDFweights45": 879427.0352334382,
  "nSumOfWeights_LHEPDFweights46": 878528.318290862,
  "nSumOfWeights_LHEPDFweights47": 879374.5682316369,
  "nSumOfWeights_LHEPDFweights48": 881568.5770017718,
  "nSumOfWeights_LHEPDFweights49": 878320.6622129634,
  "nSumOfWeights_LHEPDFweights50": 879700.6626900816,
  "nSumOfWeights_LHEPDFweights51": 880970.9195886231,
  "nSumOfWeights_LHEPDFweights52": 880075.5603796103,
  "nSumOfWeights_LHEPDFweights53": 879928.5913690241,
  "nSumOfWeights_LHEPDFweights54": 880359.3463189304,
  "nSumOfWeights_LHEPDFweights55": 881290.4279747356,
  "nSumOfWeights_LHEPDFweights56": 881183.0244244369,
  "nSumOfWeights_LHEPDFweights57": 879830.2785447333,
  "nSumOfWeights_LHEPDFweights58": 880171.2922574531,
  "nSumOfWeights_LHEPDFweights59": 881133.6285326448,
  "nSumOfWeights_LHEPDFweights60": 881106.0137547879,
  "nSumOfWeights_LHEPDFweights61": 880549.2780995198,
  "nSumOfWeights_LHEPDFweights62": 880226.3242549584,
  "nSumOfWeights_LHEPDFweights63": 878933.2580114367,
  "nSumOfWeights_LHEPDFweights64": 880885.4978304998,
  "nSumOfWeights_LHEPDFweights65": 879994.6048130528,
  "nSumOfWeights_LHEPDFweights66": 881064.3608098363,
  "nSumOfWeights_LHEPDFweights67": 881048.6936777048,
  "nSumOfWeights_LHEPDFweights68": 880319.8650758186,
  "nSumOfWeights_LHEPDFweights69": 879705.6868601937,
  "nSumOfWeights_LHEPDFweights70": 879965.1264938822,
  "nSumOfWeights_LHEPDFweights71": 880261.5314130909,
  "nSumOfWeights_LHEPDFweights72": 880133.2140746473,
  "nSumOfWeights_LHEPDFweights73": 880604.1862847498,
  "nSumOfWeights_LHEPDFweights74": 879656.7724978062,
  "nSumOfWeights_LHEPDFweights75": 879899.7970595222,
  "nSumOfWeights_LHEPDFweights76": 879935.6691225314,
  "nSumOfWeights_LHEPDFweights77": 880465.6192873386,
  "nSumOfWeights_LHEPDFweights78": 880553.4501926154,
  "nSumOfWeights_LHEPDFweights79": 879329.351211087,
  "nSumOfWeights_LHEPDFweights80": 880078.025948107,
  "nSumOfWeights_LHEPDFweights81": 880244.9967616613,
  "nSumOfWeights_LHEPDFweights82": 880464.9404019199,
  "nSumOfWeights_LHEPDFweights83": 879626.2975752074,
  "nSumOfWeights_LHEPDFweights84": 880511.8625971233,
  "nSumOfWeights_LHEPDFweights85": 879671.7650454073,
  "nSumOfWeights_LHEPDFweights86": 880012.015118476,
  "nSumOfWeights_LHEPDFweights87": 880704.2509903235,
  "nSumOfWeights_LHEPDFweights88": 880064.6642301818,
  "nSumOfWeights_LHEPDFweights89": 880338.1396973762,
  "nSumOfWeights_LHEPDFweights90": 880041.9863233925,
  "nSumOfWeights_LHEPDFweights91": 880343.3265528707,
  "nSumOfWeights_LHEPDFweights92": 879849.7652457403,
  "nSumOfWeights_LHEPDFweights93": 880103.8114949315,
  "nSumOfWeights_LHEPDFweights94": 880170.8687051901,
  "nSumOfWeights_LHEPDFweights95": 880104.2507163779,
  "nSumOfWeights_LHEPDFweights96": 879950.7334581893,
  "nSumOfWeights_LHEPDFweights97": 880094.3432642608,
  "nSumOfWeights_LHEPDFweights98": 880226.6298470328,
  "nSumOfWeights_LHEPDFweights99": 880315.8485848051,
  "nSumOfWeights_LHEPDFweights100": 880103.0105609,
  "nSumOfWeights_LHEPDFweights101": 0.0,
  "nSumOfWeights_LHEPDFweights102": 0.0,
  "nSumOfWeights_hdampUp": 880109.7311156988,
  "nSumOfWeights_hdampDown": 880109.7311156988,
  "nSumOfWeights_toppt": 880109.7311156988
}