{
  "xsec": 0.01398,
  "year": "2017",
  "treeName": "Events",
  "histAxisName": "ZZZ_centralUL17",
  "options": "",
  "WCnames": [],
  "files": [
    "/store/user/hnelson2/skims/mc/ptSkim/background/UL17_ZZZ/output_1368.root",
    "/store/user/hnelson2/skims/mc/ptSkim/background/UL17_ZZZ/output_1510.root",
    "/store/user/hnelson2/skims/mc/ptSkim/background/UL17_ZZZ/output_1830.root",
    "/store/user/hnelson2/skims/mc/ptSkim/background/UL17_ZZZ/output_1701.root",
    "/store/user/hnelson2/skims/mc/ptSkim/background/UL17_ZZZ/output_1920.root",
    "/store/user/hnelson2/skims/mc/ptSkim/background/UL17_ZZZ/output_2253.root",
    "/store/user/hnelson2/skims/mc/ptSkim/background/UL17_ZZZ/output_2168.root",
    "/store/user/hnelson2/skims/mc/ptSkim/background/UL17_ZZZ/output_2231.root",
    "/store/user/hnelson2/skims/mc/ptSkim/background/UL17_ZZZ/output_1511.root"
  ],
  "nEvents": 9702000,
  "nSumOfWeights": 143257.874933606,
  "isData": false,
  "path": "/store/mc/RunIISummer20UL17NanoAODv9/ZZZ_TuneCP5_13TeV-amcatnlo-pythia8/NANOAODSIM/",
  "nSumOfWeights_ISRUp": 143242.87775133853,
  "nSumOfWeights_ISRDown": 143266.53852467815,
  "nSumOfWeights_FSRUp": 143286.41542697483,
  "nSumOfWeights_FSRDown": 143214.93105888664,
  "nSumOfWeights_renormUp": 140512.08288527845,
  "nSumOfWeights_renormDown": 146544.96788225503,
  "nSumOfWeights_factUp": 143031.24762848596,
  "nSumOfWeights_factDown": 143847.75393146917,
  "nSumOfWeights_renormfactUp": 140234.23903540557,
  "nSumOfWeights_renormfactDown": 147156.57544440884,
  "nSumOfWeights_LHEPDFweights0": 143257.87506954,
  "nSumOfWeights_LHEPDFweights1": 143308.78828191684,
  "nSumOfWeights_LHEPDFweights2": 143147.63566694176,
  "nSumOfWeights_LHEPDFweights3": 143259.42893425396,
  "nSumOfWeights_LHEPDFweights4": 143354.44704933628,
  "nSumOfWeights_LHEPDFweights5": 143238.2783372131,
  "nSumOfWeights_LHEPDFweights6": 143126.56234792064,
  "nSumOfWeights_LHEPDFweights7": 142839.69965206826,
  "nSumOfWeights_LHEPDFweights8": 142711.10225187681,
  "nSumOfWeights_LHEPDFweights9": 143649.81682383246,
  "nSumOfWeights_LHEPDFweights10": 142977.63669854205,
  "nSumOfWeights_LHEPDFweights11": 143397.93777429985,
  "nSumOfWeights_LHEPDFweights12": 143239.47062286074,
  "nSumOfWeights_LHEPDFweights13": 143753.25639224332,
  "nSumOfWeights_LHEPDFweights14": 143207.5569111213,
  "nSumOfWeights_LHEPDFweights15": 144142.17275038897,
  "nSumOfWeights_LHEPDFweights16": 143054.9608885667,
  "nSumOfWeights_LHEPDFweights17": 143147.8522002298,
  "nSumOfWeights_LHEPDFweights18": 142608.3277859671,
  "nSumOfWeights_LHEPDFweights19": 143309.77609242103,
  "nSumOfWeights_LHEPDFweights20": 143654.5362286694,
  "nSumOfWeights_LHEPDFweights21": 142862.0420939715,
  "nSumOfWeights_LHEPDFweights22": 143799.6972177697,
  "nSumOfWeights_LHEPDFweights23": 143060.31799672547,
  "nSumOfWeights_LHEPDFweights24": 142968.75734232823,
  "nSumOfWeights_LHEPDFweights25": 143089.3061814569,
  "nSumOfWeights_LHEPDFweights26": 143405.503697753,
  "nSumOfWeights_LHEPDFweights27": 143904.73639116134,
  "nSumOfWeights_LHEPDFweights28": 143405.40666018904,
  "nSumOfWeights_LHEPDFweights29": 143969.4623527881,
  "nSumOfWeights_LHEPDFweights30": 143570.67593421438,
  "nSumOfWeights_LHEPDFweights31": 144192.77593935185,
  "nSumOfWeights_LHEPDFweights32": 143075.76832529082,
  "nSumOfWeights_LHEPDFweights33": 143608.36934107065,
  "nSumOfWeights_LHEPDFweights34": 143590.3804984419,
  "nSumOfWeights_LHEPDFweights35": 143142.264852152,
  "nSumOfWeights_LHEPDFweights36": 142681.56114348094,
  "nSumOfWeights_LHEPDFweights37": 143479.35932690947,
  "nSumOfWeights_LHEPDFweights38": 143495.55934392015,
  "nSumOfWeights_LHEPDFweights39": 143007.67334862563,
  "nSumOfWeights_LHEPDFweights40": 143237.3205037309,
  "nSumOfWeights_LHEPDFweights41": 143319.28636910568,
  "nSumOfWeights_LHEPDFweights42": 142739.77823005526,
  "nSumOfWeights_LHEPDFweights43": 143137.3645142886,
  "nSumOfWeights_LHEPDFweights44": 143088.0351726534,
  "nSumOfWeights_LHEPDFweights45": 143186.42530953884,
  "nSumOfWeights_LHEPDFweights46": 143050.44437763904,
  "nSumOfWeights_LHEPDFweights47": 143206.21425848053,
  "nSumOfWeights_LHEPDFweights48": 143537.01006107486,
  "nSumOfWeights_LHEPDFweights49": 143049.69856091018,
  "nSumOfWeights_LHEPDFweights50": 143155.88801464468,
  "nSumOfWeights_LHEPDFweights51": 143406.61188980803,
  "nSumOfWeights_LHEPDFweights52": 143268.4767546086,
  "nSumOfWeights_LHEPDFweights53": 143242.1956617399,
  "nSumOfWeights_LHEPDFweights54": 143291.2553942022,
  "nSumOfWeights_LHEPDFweights55": 143451.43634625804,
  "nSumOfWeights_LHEPDFweights56": 143450.10358055425,
  "nSumOfWeights_LHEPDFweights57": 143116.8255427655,
  "nSumOfWeights_LHEPDFweights58": 143252.588449997,
  "nSumOfWeights_LHEPDFweights59": 143493.6332902371,
  "nSumOfWeights_LHEPDFweights60": 143472.45253252424,
  "nSumOfWeights_LHEPDFweights61": 143344.82745950032,
  "nSumOfWeights_LHEPDFweights62": 143305.11114101417,
  "nSumOfWeights_LHEPDFweights63": 143032.626226187,
  "nSumOfWeights_LHEPDFweights64": 143434.97599105886,
  "nSumOfWeights_LHEPDFweights65": 143230.82360957252,
  "nSumOfWeights_LHEPDFweights66": 143480.6434560089,
  "nSumOfWeights_LHEPDFweights67": 143450.73402475304,
  "nSumOfWeights_LHEPDFweights68": 143317.9066564572,
  "nSumOfWeights_LHEPDFweights69": 143180.41222090815,
  "nSumOfWeights_LHEPDFweights70": 143313.261018776,
  "nSumOfWeights_LHEPDFweights71": 143379.3963530822,
  "nSumOfWeights_LHEPDFweights72": 143225.61537077962,
  "nSumOfWeights_LHEPDFweights73": 143311.98770347697,
  "nSumOfWeights_LHEPDFweights74": 143132.87372706702,
  "nSumOfWeights_LHEPDFweights75": 143224.23707103246,
  "nSumOfWeights_LHEPDFweights76": 143261.43176322203,
  "nSumOfWeights_LHEPDFweights77": 143335.66803756115,
  "nSumOfWeights_LHEPDFweights78": 143331.34267980477,
  "nSumOfWeights_LHEPDFweights79": 143157.12962901508,
  "nSumOfWeights_LHEPDFweights80": 143225.59979365283,
  "nSumOfWeights_LHEPDFweights81": 143278.69985700469,
  "nSumOfWeights_LHEPDFweights82": 143380.79122154435,
  "nSumOfWeights_LHEPDFweights83": 143165.721343869,
  "nSumOfWeights_LHEPDFweights84": 143307.59264803806,
  "nSumOfWeights_LHEPDFweights85": 143154.87381569354,
  "nSumOfWeights_LHEPDFweights86": 143273.1627294774,
  "nSumOfWeights_LHEPDFweights87": 143439.19871157632,
  "nSumOfWeights_LHEPDFweights88": 143264.31408549455,
  "nSumOfWeights_LHEPDFweights89": 143264.28140935965,
  "nSumOfWeights_LHEPDFweights90": 143262.56759280304,
  "nSumOfWeights_LHEPDFweights91": 143293.1610921037,
  "nSumOfWeights_LHEPDFweights92": 143196.83395629155,
  "nSumOfWeights_LHEPDFweights93": 143243.92388580705,
  "nSumOfWeights_LHEPDFweights94": 143256.86743610655,
  "nSumOfWeights_LHEPDFweights95": 143259.1148591896,
  "nSumOfWeights_LHEPDFweights96": 143190.12680192833,
  "nSumOfWeights_LHEPDFweights97": 143254.76699662046,
  "nSumOfWeights_LHEPDFweights98": 143310.70497674702,
  "nSumOfWeights_LHEPDFweights99": 143333.26336014876,
  "nSumOfWeights_LHEPDFweights100": 143256.87402779143,
  "nSumOfWeights_LHEPDFweights101": 142325.78276778804,
  "nSumOfWeights_LHEPDFweights102": 143837.4452273575,
  "nSumOfWeights_hdampUp": 143257.87506954,
  "nSumOfWeights_hdampDown": 143257.87506954,
  "nSumOfWeights_toppt": 143257.87506954
}