{
  "xsec": 3.697,
  "year": "2017",
  "treeName": "Events",
  "histAxisName": "TTGJets_centralUL17",
  "options": "",
  "era": "",
  "WCnames": [],
  "files": [
    "/store/mc/RunIISummer20UL17NanoAODv9/TTGJets_TuneCP5_13TeV-amcatnloFXFX-madspin-pythia8/NANOAODSIM/106X_mc2017_realistic_v9-v1/270000/50DB6B2E-5279-E642-A0BF-F57BF4D7F70E.root",
    "/store/mc/RunIISummer20UL17NanoAODv9/TTGJets_TuneCP5_13TeV-amcatnloFXFX-madspin-pythia8/NANOAODSIM/106X_mc2017_realistic_v9-v1/270000/A2204F43-75E3-C947-99CA-7865DA0977DA.root",
    "/store/mc/RunIISummer20UL17NanoAODv9/TTGJets_TuneCP5_13TeV-amcatnloFXFX-madspin-pythia8/NANOAODSIM/106X_mc2017_realistic_v9-v1/270000/4645F539-F7CA-564A-A949-E2D78D5A496D.root",
    "/store/mc/RunIISummer20UL17NanoAODv9/TTGJets_TuneCP5_13TeV-amcatnloFXFX-madspin-pythia8/NANOAODSIM/106X_mc2017_realistic_v9-v1/130000/E7FED13F-BD56-2C4E-BD5E-87E2193BA090.root",
    "/store/mc/RunIISummer20UL17NanoAODv9/TTGJets_TuneCP5_13TeV-amcatnloFXFX-madspin-pythia8/NANOAODSIM/106X_mc2017_realistic_v9-v1/130000/984C5CE3-BCE3-8F46-BAE0-DE0CA71796AF.root",
    "/store/mc/RunIISummer20UL17NanoAODv9/TTGJets_TuneCP5_13TeV-amcatnloFXFX-madspin-pythia8/NANOAODSIM/106X_mc2017_realistic_v9-v1/130000/4841B901-E9A5-2A49-B774-447C39D8D8B5.root"
  ],
  "nEvents": 3534208,
  "nSumOfWeights": 22157555.754240006,
  "isData": false,
  "path": "/store/mc/RunIISummer20UL17NanoAODv9/TTGJets_TuneCP5_13TeV-amcatnloFXFX-madspin-pythia8/NANOAODSIM/106X_mc2017_realistic_v9-v1/",
  "nSumOfWeights_ISRUp": 22553843.286214314,
  "nSumOfWeights_ISRDown": 21679623.834420454,
  "nSumOfWeights_FSRUp": 22164381.69595608,
  "nSumOfWeights_FSRDown": 22147957.404690593,
  "nSumOfWeights_renormUp": 19983759.90822319,
  "nSumOfWeights_renormDown": 23697880.81097931,
  "nSumOfWeights_factUp": 21879277.328387745,
  "nSumOfWeights_factDown": 22516675.82038916,
  "nSumOfWeights_renormfactUp": 19489676.86477817,
  "nSumOfWeights_renormfactDown": 23514737.13574201,
  "nSumOfWeights_LHEPDFweights0": 22157556.633499146,
  "nSumOfWeights_LHEPDFweights1": 22145326.867634296,
  "nSumOfWeights_LHEPDFweights2": 22127290.6656065,
  "nSumOfWeights_LHEPDFweights3": 22151450.32273107,
  "nSumOfWeights_LHEPDFweights4": 22199479.81203425,
  "nSumOfWeights_LHEPDFweights5": 22109731.995004285,
  "nSumOfWeights_LHEPDFweights6": 22186797.467088036,
  "nSumOfWeights_LHEPDFweights7": 22142524.24290895,
  "nSumOfWeights_LHEPDFweights8": 22133398.37767303,
  "nSumOfWeights_LHEPDFweights9": 22178906.900259502,
  "nSumOfWeights_LHEPDFweights10": 22130373.790727273,
  "nSumOfWeights_LHEPDFweights11": 22187529.33412397,
  "nSumOfWeights_LHEPDFweights12": 22170247.028989885,
  "nSumOfWeights_LHEPDFweights13": 22202087.609114736,
  "nSumOfWeights_LHEPDFweights14": 22201882.159782257,
  "nSumOfWeights_LHEPDFweights15": 22225237.32435075,
  "nSumOfWeights_LHEPDFweights16": 22181876.551397987,
  "nSumOfWeights_LHEPDFweights17": 22192853.283212405,
  "nSumOfWeights_LHEPDFweights18": 22086305.57053224,
  "nSumOfWeights_LHEPDFweights19": 22117362.142398957,
  "nSumOfWeights_LHEPDFweights20": 22145771.467946626,
  "nSumOfWeights_LHEPDFweights21": 22107322.415749997,
  "nSumOfWeights_LHEPDFweights22": 22166312.160765663,
  "nSumOfWeights_LHEPDFweights23": 22164862.680441618,
  "nSumOfWeights_LHEPDFweights24": 22089845.287021488,
  "nSumOfWeights_LHEPDFweights25": 22157395.9636273,
  "nSumOfWeights_LHEPDFweights26": 22138940.646240063,
  "nSumOfWeights_LHEPDFweights27": 22160874.281377375,
  "nSumOfWeights_LHEPDFweights28": 22152182.6915427,
  "nSumOfWeights_LHEPDFweights29": 22132591.595518082,
  "nSumOfWeights_LHEPDFweights30": 22171445.495619364,
  "nSumOfWeights_LHEPDFweights31": 22133936.726708736,
  "nSumOfWeights_LHEPDFweights32": 22150841.999722004,
  "nSumOfWeights_LHEPDFweights33": 22150664.426174503,
  "nSumOfWeights_LHEPDFweights34": 22124559.7671109,
  "nSumOfWeights_LHEPDFweights35": 22155262.491758592,
  "nSumOfWeights_LHEPDFweights36": 22182044.500780553,
  "nSumOfWeights_LHEPDFweights37": 22151746.035291903,
  "nSumOfWeights_LHEPDFweights38": 22158621.74910748,
  "nSumOfWeights_LHEPDFweights39": 22144394.146229543,
  "nSumOfWeights_LHEPDFweights40": 22142457.798380144,
  "nSumOfWeights_LHEPDFweights41": 22143978.030101,
  "nSumOfWeights_LHEPDFweights42": 22160508.76977901,
  "nSumOfWeights_LHEPDFweights43": 22147690.424701314,
  "nSumOfWeights_LHEPDFweights44": 22161531.04544721,
  "nSumOfWeights_LHEPDFweights45": 22150294.924038664,
  "nSumOfWeights_LHEPDFweights46": 22127609.103123724,
  "nSumOfWeights_LHEPDFweights47": 22153418.75721579,
  "nSumOfWeights_LHEPDFweights48": 22160727.73925072,
  "nSumOfWeights_LHEPDFweights49": 22123923.013653517,
  "nSumOfWeights_LHEPDFweights50": 22147020.40433503,
  "nSumOfWeights_LHEPDFweights51": 22158651.274709016,
  "nSumOfWeights_LHEPDFweights52": 22172175.92338276,
  "nSumOfWeights_LHEPDFweights53": 22153618.76631838,
  "nSumOfWeights_LHEPDFweights54": 22153887.410398245,
  "nSumOfWeights_LHEPDFweights55": 22150267.780964673,
  "nSumOfWeights_LHEPDFweights56": 22157489.110712532,
  "nSumOfWeights_LHEPDFweights57": 22170536.02183163,
  "nSumOfWeights_LHEPDFweights58": 22169944.94865466,
  "nSumOfWeights_LHEPDFweights59": 22163415.273516208,
  "nSumOfWeights_LHEPDFweights60": 22157099.840956837,
  "nSumOfWeights_LHEPDFweights61": 22157029.34465518,
  "nSumOfWeights_LHEPDFweights62": 22167625.044498667,
  "nSumOfWeights_LHEPDFweights63": 22165596.20306883,
  "nSumOfWeights_LHEPDFweights64": 22159750.956998937,
  "nSumOfWeights_LHEPDFweights65": 22170581.879939258,
  "nSumOfWeights_LHEPDFweights66": 22154489.888239034,
  "nSumOfWeights_LHEPDFweights67": 22151053.567496836,
  "nSumOfWeights_LHEPDFweights68": 22168436.103896588,
  "nSumOfWeights_LHEPDFweights69": 22153618.748890936,
  "nSumOfWeights_LHEPDFweights70": 22161684.48792114,
  "nSumOfWeights_LHEPDFweights71": 22145217.145245492,
  "nSumOfWeights_LHEPDFweights72": 22148975.03136708,
  "nSumOfWeights_LHEPDFweights73": 22164072.2112745,
  "nSumOfWeights_LHEPDFweights74": 22149521.701903462,
  "nSumOfWeights_LHEPDFweights75": 22154247.074386537,
  "nSumOfWeights_LHEPDFweights76": 22154453.691773087,
  "nSumOfWeights_LHEPDFweights77": 22168354.87861234,
  "nSumOfWeights_LHEPDFweights78": 22162344.147466555,
  "nSumOfWeights_LHEPDFweights79": 22146267.28070122,
  "nSumOfWeights_LHEPDFweights80": 22159223.727164913,
  "nSumOfWeights_LHEPDFweights81": 22153241.29831724,
  "nSumOfWeights_LHEPDFweights82": 22158151.158119023,
  "nSumOfWeights_LHEPDFweights83": 22170087.51625687,
  "nSumOfWeights_LHEPDFweights84": 22159065.46536541,
  "nSumOfWeights_LHEPDFweights85": 22159777.48838699,
  "nSumOfWeights_LHEPDFweights86": 22153477.62344539,
  "nSumOfWeights_LHEPDFweights87": 22158088.210974634,
  "nSumOfWeights_LHEPDFweights88": 22153795.097858638,
  "nSumOfWeights_LHEPDFweights89": 22155248.110164464,
  "nSumOfWeights_LHEPDFweights90": 22160212.54886961,
  "nSumOfWeights_LHEPDFweights91": 22161824.17939973,
  "nSumOfWeights_LHEPDFweights92": 22165060.917761713,
  "nSumOfWeights_LHEPDFweights93": 22152287.93455507,
  "nSumOfWeights_LHEPDFweights94": 22158186.61133766,
  "nSumOfWeights_LHEPDFweights95": 22162840.165214058,
  "nSumOfWeights_LHEPDFweights96": 22156923.477064133,
  "nSumOfWeights_LHEPDFweights97": 22162242.60572028,
  "nSumOfWeights_LHEPDFweights98": 22156905.924226046,
  "nSumOfWeights_LHEPDFweights99": 22158902.560964584,
  "nSumOfWeights_LHEPDFweights100": 22157367.55717373,
  "nSumOfWeights_LHEPDFweights101": 21284268.530296605,
  "nSumOfWeights_LHEPDFweights102": 23088824.149859138,
  "nSumOfWeights_hdampUp": 22157556.633499146,
  "nSumOfWeights_hdampDown": 22157556.633499146,
  "nSumOfWeights_toppt": 22157556.633499146
}