{
  "xsec": 61526.7,
  "year": "2017",
  "treeName": "Events",
  "histAxisName": "WJetsToLNu_centralUL17",
  "options": "",
  "WCnames": [],
  "files": [
    "/store/user/hnelson2/skims/mc/ptSkim/background/UL17_WJetsToLNu/output_1716.root",
    "/store/user/hnelson2/skims/mc/ptSkim/background/UL17_WJetsToLNu/output_1594.root",
    "/store/user/hnelson2/skims/mc/ptSkim/background/UL17_WJetsToLNu/output_1808.root",
    "/store/user/hnelson2/skims/mc/ptSkim/background/UL17_WJetsToLNu/output_1869.root",
    "/store/user/hnelson2/skims/mc/ptSkim/background/UL17_WJetsToLNu/output_1604.root"
  ],
  "nEvents": 78307186,
  "nSumOfWeights": 1030816975.03636,
  "isData": false,
  "path": "/store/mc/RunIISummer20UL17NanoAODv9/WJetsToLNu_TuneCP5_13TeV-madgraphMLM-pythia8/NANOAODSIM/106X_mc2017_realistic_v9-v1/",
  "nSumOfWeights_ISRUp": 1061922459.3288105,
  "nSumOfWeights_ISRDown": 991667365.8650064,
  "nSumOfWeights_FSRUp": 1031439032.6923637,
  "nSumOfWeights_FSRDown": 1030274887.991824,
  "nSumOfWeights_renormUp": 1027121427.1907098,
  "nSumOfWeights_renormDown": 1035346411.4899449,
  "nSumOfWeights_factUp": 1137926619.4897726,
  "nSumOfWeights_factDown": 912506336.5118682,
  "nSumOfWeights_renormfactUp": 1134167917.1795602,
  "nSumOfWeights_renormfactDown": 916917712.6464862,
  "nSumOfWeights_LHEPDFweights0": 1030816976.467947,
  "nSumOfWeights_LHEPDFweights1": 1031692483.9697123,
  "nSumOfWeights_LHEPDFweights2": 1031940487.7125964,
  "nSumOfWeights_LHEPDFweights3": 1027964889.9447913,
  "nSumOfWeights_LHEPDFweights4": 1030309844.0245978,
  "nSumOfWeights_LHEPDFweights5": 1029712955.6738551,
  "nSumOfWeights_LHEPDFweights6": 1030146145.6381552,
  "nSumOfWeights_LHEPDFweights7": 1030460651.7175887,
  "nSumOfWeights_LHEPDFweights8": 1029622789.730714,
  "nSumOfWeights_LHEPDFweights9": 1030057766.5682244,
  "nSumOfWeights_LHEPDFweights10": 1029961927.8186653,
  "nSumOfWeights_LHEPDFweights11": 1031562036.4129565,
  "nSumOfWeights_LHEPDFweights12": 1030097665.4043758,
  "nSumOfWeights_LHEPDFweights13": 1031503159.6989352,
  "nSumOfWeights_LHEPDFweights14": 1029588074.2192185,
  "nSumOfWeights_LHEPDFweights15": 1031797949.8399662,
  "nSumOfWeights_LHEPDFweights16": 1030203902.920572,
  "nSumOfWeights_LHEPDFweights17": 1030125085.441088,
  "nSumOfWeights_LHEPDFweights18": 1031282244.8853598,
  "nSumOfWeights_LHEPDFweights19": 1031290338.5205233,
  "nSumOfWeights_LHEPDFweights20": 1033551726.3767033,
  "nSumOfWeights_LHEPDFweights21": 1031657393.6608772,
  "nSumOfWeights_LHEPDFweights22": 1031019456.441647,
  "nSumOfWeights_LHEPDFweights23": 1029893337.9121404,
  "nSumOfWeights_LHEPDFweights24": 1031699033.1581011,
  "nSumOfWeights_LHEPDFweights25": 1031093437.328032,
  "nSumOfWeights_LHEPDFweights26": 1029761240.1349256,
  "nSumOfWeights_LHEPDFweights27": 1033270917.7342018,
  "nSumOfWeights_LHEPDFweights28": 1031389464.0231458,
  "nSumOfWeights_LHEPDFweights29": 1032009617.189595,
  "nSumOfWeights_LHEPDFweights30": 1030765797.8210479,
  "nSumOfWeights_LHEPDFweights31": 1032702956.015909,
  "nSumOfWeights_LHEPDFweights32": 1031313239.3914161,
  "nSumOfWeights_LHEPDFweights33": 1030616013.2577354,
  "nSumOfWeights_LHEPDFweights34": 1031475518.6099455,
  "nSumOfWeights_LHEPDFweights35": 1030531056.3691621,
  "nSumOfWeights_LHEPDFweights36": 1030122132.4199264,
  "nSumOfWeights_LHEPDFweights37": 1031197736.7511823,
  "nSumOfWeights_LHEPDFweights38": 1031861252.5548738,
  "nSumOfWeights_LHEPDFweights39": 1030493342.4409811,
  "nSumOfWeights_LHEPDFweights40": 1030809563.645461,
  "nSumOfWeights_LHEPDFweights41": 1031848811.0404596,
  "nSumOfWeights_LHEPDFweights42": 1030201482.2295952,
  "nSumOfWeights_LHEPDFweights43": 1030347162.6441572,
  "nSumOfWeights_LHEPDFweights44": 1030011255.0516379,
  "nSumOfWeights_LHEPDFweights45": 1030959013.1748722,
  "nSumOfWeights_LHEPDFweights46": 1031071454.1186428,
  "nSumOfWeights_LHEPDFweights47": 1030450782.319984,
  "nSumOfWeights_LHEPDFweights48": 1031024192.8585243,
  "nSumOfWeights_LHEPDFweights49": 1030713341.5724956,
  "nSumOfWeights_LHEPDFweights50": 1030731674.1234592,
  "nSumOfWeights_LHEPDFweights51": 1030827064.2494376,
  "nSumOfWeights_LHEPDFweights52": 1030669496.1803764,
  "nSumOfWeights_LHEPDFweights53": 1030894919.5071335,
  "nSumOfWeights_LHEPDFweights54": 1030969028.6031032,
  "nSumOfWeights_LHEPDFweights55": 1031370064.3760297,
  "nSumOfWeights_LHEPDFweights56": 1031173025.1221002,
  "nSumOfWeights_LHEPDFweights57": 1030784607.2371267,
  "nSumOfWeights_LHEPDFweights58": 1030687532.9952769,
  "nSumOfWeights_LHEPDFweights59": 1031107559.2277404,
  "nSumOfWeights_LHEPDFweights60": 1030652989.8777877,
  "nSumOfWeights_LHEPDFweights61": 1031023521.2480656,
  "nSumOfWeights_LHEPDFweights62": 1030860553.9441133,
  "nSumOfWeights_LHEPDFweights63": 1030832651.55641,
  "nSumOfWeights_LHEPDFweights64": 1031408207.4389945,
  "nSumOfWeights_LHEPDFweights65": 1030719474.1193037,
  "nSumOfWeights_LHEPDFweights66": 1031271022.5077652,
  "nSumOfWeights_LHEPDFweights67": 1031155313.6489933,
  "nSumOfWeights_LHEPDFweights68": 1030696182.0106803,
  "nSumOfWeights_LHEPDFweights69": 1030989837.4981455,
  "nSumOfWeights_LHEPDFweights70": 1030567040.6810781,
  "nSumOfWeights_LHEPDFweights71": 1031100949.0864832,
  "nSumOfWeights_LHEPDFweights72": 1031078657.1466055,
  "nSumOfWeights_LHEPDFweights73": 1030728343.250215,
  "nSumOfWeights_LHEPDFweights74": 1030940236.838738,
  "nSumOfWeights_LHEPDFweights75": 1030511573.5328104,
  "nSumOfWeights_LHEPDFweights76": 1030792225.363225,
  "nSumOfWeights_LHEPDFweights77": 1031298111.6680989,
  "nSumOfWeights_LHEPDFweights78": 1030626708.4333682,
  "nSumOfWeights_LHEPDFweights79": 1030536142.2925057,
  "nSumOfWeights_LHEPDFweights80": 1030840972.1624274,
  "nSumOfWeights_LHEPDFweights81": 1030605169.466974,
  "nSumOfWeights_LHEPDFweights82": 1030803570.748215,
  "nSumOfWeights_LHEPDFweights83": 1030531919.6130244,
  "nSumOfWeights_LHEPDFweights84": 1031021504.9524913,
  "nSumOfWeights_LHEPDFweights85": 1030773104.7962719,
  "nSumOfWeights_LHEPDFweights86": 1030774878.7684493,
  "nSumOfWeights_LHEPDFweights87": 1030778881.3643266,
  "nSumOfWeights_LHEPDFweights88": 1031110486.7959723,
  "nSumOfWeights_LHEPDFweights89": 1030967960.4881529,
  "nSumOfWeights_LHEPDFweights90": 1030907581.1489716,
  "nSumOfWeights_LHEPDFweights91": 1030907105.8960919,
  "nSumOfWeights_LHEPDFweights92": 1030787185.6735053,
  "nSumOfWeights_LHEPDFweights93": 1030844511.0965402,
  "nSumOfWeights_LHEPDFweights94": 1030433699.6619263,
  "nSumOfWeights_LHEPDFweights95": 1030646222.0656477,
  "nSumOfWeights_LHEPDFweights96": 1030750389.9840968,
  "nSumOfWeights_LHEPDFweights97": 1030821843.8892188,
  "nSumOfWeights_LHEPDFweights98": 1030841149.3800399,
  "nSumOfWeights_LHEPDFweights99": 1030781555.7488618,
  "nSumOfWeights_LHEPDFweights100": 1030816976.467947,
  "nSumOfWeights_LHEPDFweights101": 1013656897.1966733,
  "nSumOfWeights_LHEPDFweights102": 1045076125.0443006,
  "nSumOfWeights_hdampUp": 1030816976.467947,
  "nSumOfWeights_hdampDown": 1030816976.467947,
  "nSumOfWeights_toppt": 1030816976.467947
}