{
  "xsec": 3.697,
  "year": "2017",
  "treeName": "Events",
  "histAxisName": "TTGJets_centralUL17",
  "options": "",
  "WCnames": [],
  "files": [
    "/store/user/hnelson2/skims/mc/ptSkim/background/UL17_TTGJets/output_613.root",
    "/store/user/hnelson2/skims/mc/ptSkim/background/UL17_TTGJets/output_171.root",
    "/store/user/hnelson2/skims/mc/ptSkim/background/UL17_TTGJets/output_349.root",
    "/store/user/hnelson2/skims/mc/ptSkim/background/UL17_TTGJets/output_54.root",
    "/store/user/hnelson2/skims/mc/ptSkim/background/UL17_TTGJets/output_959.root",
    "/store/user/hnelson2/skims/mc/ptSkim/background/UL17_TTGJets/output_614.root"
  ],
  "nEvents": 3534208,
  "nSumOfWeights": 22157555.754240006,
  "isData": false,
  "path": "/store/mc/RunIISummer20UL17NanoAODv9/TTGJets_TuneCP5_13TeV-amcatnloFXFX-madspin-pythia8/NANOAODSIM/106X_mc2017_realistic_v9-v1/",
  "nSumOfWeights_ISRUp": 22553843.286214314,
  "nSumOfWeights_ISRDown": 21679623.834420454,
  "nSumOfWeights_FSRUp": 22164381.69595608,
  "nSumOfWeights_FSRDown": 22147957.404690593,
  "nSumOfWeights_renormUp": 19983759.90822319,
  "nSumOfWeights_renormDown": 23697880.81097931,
  "nSumOfWeights_factUp": 21879277.328387745,
  "nSumOfWeights_factDown": 22516675.82038916,
  "nSumOfWeights_renormfactUp": 19489676.86477817,
  "nSumOfWeights_renormfactDown": 23514737.13574201,
  "nSumOfWeights_LHEPDFweights0": 6859829.541652679,
  "nSumOfWeights_LHEPDFweights1": 6855877.493582666,
  "nSumOfWeights_LHEPDFweights2": 6851761.059976339,
  "nSumOfWeights_LHEPDFweights3": 6858624.873308748,
  "nSumOfWeights_LHEPDFweights4": 6872655.825753927,
  "nSumOfWeights_LHEPDFweights5": 6843546.079794832,
  "nSumOfWeights_LHEPDFweights6": 6868845.670375049,
  "nSumOfWeights_LHEPDFweights7": 6853752.930391174,
  "nSumOfWeights_LHEPDFweights8": 6850547.403148651,
  "nSumOfWeights_LHEPDFweights9": 6867124.083174712,
  "nSumOfWeights_LHEPDFweights10": 6852242.249187909,
  "nSumOfWeights_LHEPDFweights11": 6871734.898391724,
  "nSumOfWeights_LHEPDFweights12": 6863046.139493125,
  "nSumOfWeights_LHEPDFweights13": 6873950.334999889,
  "nSumOfWeights_LHEPDFweights14": 6873031.465103548,
  "nSumOfWeights_LHEPDFweights15": 6880387.290517289,
  "nSumOfWeights_LHEPDFweights16": 6868425.134886086,
  "nSumOfWeights_LHEPDFweights17": 6871518.795040894,
  "nSumOfWeights_LHEPDFweights18": 6836575.85817375,
  "nSumOfWeights_LHEPDFweights19": 6845280.596606135,
  "nSumOfWeights_LHEPDFweights20": 6856900.15760088,
  "nSumOfWeights_LHEPDFweights21": 6843617.463405579,
  "nSumOfWeights_LHEPDFweights22": 6862517.847268745,
  "nSumOfWeights_LHEPDFweights23": 6862475.574170828,
  "nSumOfWeights_LHEPDFweights24": 6839219.344503164,
  "nSumOfWeights_LHEPDFweights25": 6860231.589011095,
  "nSumOfWeights_LHEPDFweights26": 6854049.976186775,
  "nSumOfWeights_LHEPDFweights27": 6862030.3406300545,
  "nSumOfWeights_LHEPDFweights28": 6856794.679538086,
  "nSumOfWeights_LHEPDFweights29": 6852655.179921638,
  "nSumOfWeights_LHEPDFweights30": 6865291.330913,
  "nSumOfWeights_LHEPDFweights31": 6851359.273818862,
  "nSumOfWeights_LHEPDFweights32": 6856836.20583725,
  "nSumOfWeights_LHEPDFweights33": 6857649.372255362,
  "nSumOfWeights_LHEPDFweights34": 6849463.986069813,
  "nSumOfWeights_LHEPDFweights35": 6858626.527389094,
  "nSumOfWeights_LHEPDFweights36": 6867574.395720243,
  "nSumOfWeights_LHEPDFweights37": 6857531.917253241,
  "nSumOfWeights_LHEPDFweights38": 6860063.802520275,
  "nSumOfWeights_LHEPDFweights39": 6854981.807314023,
  "nSumOfWeights_LHEPDFweights40": 6854037.157720616,
  "nSumOfWeights_LHEPDFweights41": 6855063.824267864,
  "nSumOfWeights_LHEPDFweights42": 6860243.406455809,
  "nSumOfWeights_LHEPDFweights43": 6856162.659040023,
  "nSumOfWeights_LHEPDFweights44": 6860998.672541939,
  "nSumOfWeights_LHEPDFweights45": 6857190.367630005,
  "nSumOfWeights_LHEPDFweights46": 6849814.584917821,
  "nSumOfWeights_LHEPDFweights47": 6857798.245320437,
  "nSumOfWeights_LHEPDFweights48": 6860611.806559384,
  "nSumOfWeights_LHEPDFweights49": 6848641.167565167,
  "nSumOfWeights_LHEPDFweights50": 6856438.843707815,
  "nSumOfWeights_LHEPDFweights51": 6860512.449619949,
  "nSumOfWeights_LHEPDFweights52": 6864327.413153097,
  "nSumOfWeights_LHEPDFweights53": 6859133.483015239,
  "nSumOfWeights_LHEPDFweights54": 6858544.680966377,
  "nSumOfWeights_LHEPDFweights55": 6858265.613951027,
  "nSumOfWeights_LHEPDFweights56": 6859359.549147606,
  "nSumOfWeights_LHEPDFweights57": 6863876.247813463,
  "nSumOfWeights_LHEPDFweights58": 6863902.520920813,
  "nSumOfWeights_LHEPDFweights59": 6861293.649847746,
  "nSumOfWeights_LHEPDFweights60": 6859672.319239914,
  "nSumOfWeights_LHEPDFweights61": 6859554.152451694,
  "nSumOfWeights_LHEPDFweights62": 6862606.668643698,
  "nSumOfWeights_LHEPDFweights63": 6861628.80623064,
  "nSumOfWeights_LHEPDFweights64": 6860382.873949207,
  "nSumOfWeights_LHEPDFweights65": 6863899.993561149,
  "nSumOfWeights_LHEPDFweights66": 6858905.953140259,
  "nSumOfWeights_LHEPDFweights67": 6857958.509379387,
  "nSumOfWeights_LHEPDFweights68": 6863173.989128217,
  "nSumOfWeights_LHEPDFweights69": 6858620.888968706,
  "nSumOfWeights_LHEPDFweights70": 6860413.211592674,
  "nSumOfWeights_LHEPDFweights71": 6855821.051660299,
  "nSumOfWeights_LHEPDFweights72": 6857634.153694987,
  "nSumOfWeights_LHEPDFweights73": 6862200.035186581,
  "nSumOfWeights_LHEPDFweights74": 6857197.880542219,
  "nSumOfWeights_LHEPDFweights75": 6858554.16200161,
  "nSumOfWeights_LHEPDFweights76": 6858897.784960508,
  "nSumOfWeights_LHEPDFweights77": 6863057.320960581,
  "nSumOfWeights_LHEPDFweights78": 6861208.166882023,
  "nSumOfWeights_LHEPDFweights79": 6856382.199647903,
  "nSumOfWeights_LHEPDFweights80": 6860128.9050445855,
  "nSumOfWeights_LHEPDFweights81": 6858591.24017413,
  "nSumOfWeights_LHEPDFweights82": 6859860.551058531,
  "nSumOfWeights_LHEPDFweights83": 6863246.792761505,
  "nSumOfWeights_LHEPDFweights84": 6860232.468401909,
  "nSumOfWeights_LHEPDFweights85": 6860590.419290304,
  "nSumOfWeights_LHEPDFweights86": 6858752.035778999,
  "nSumOfWeights_LHEPDFweights87": 6859638.69301784,
  "nSumOfWeights_LHEPDFweights88": 6858933.932231247,
  "nSumOfWeights_LHEPDFweights89": 6859144.952558279,
  "nSumOfWeights_LHEPDFweights90": 6860360.593799114,
  "nSumOfWeights_LHEPDFweights91": 6861157.898797274,
  "nSumOfWeights_LHEPDFweights92": 6861984.640949249,
  "nSumOfWeights_LHEPDFweights93": 6858209.124955356,
  "nSumOfWeights_LHEPDFweights94": 6860098.358200073,
  "nSumOfWeights_LHEPDFweights95": 6861352.245439827,
  "nSumOfWeights_LHEPDFweights96": 6859683.6937999725,
  "nSumOfWeights_LHEPDFweights97": 6861390.182774544,
  "nSumOfWeights_LHEPDFweights98": 6859374.24622345,
  "nSumOfWeights_LHEPDFweights99": 6860153.2973566055,
  "nSumOfWeights_LHEPDFweights100": 6859771.937381744,
  "nSumOfWeights_LHEPDFweights101": 6587016.137392712,
  "nSumOfWeights_LHEPDFweights102": 7150244.152126325
}