{
  "xsec": 3.697,
  "year": "2017",
  "treeName": "Events",
  "histAxisName": "TTGJets_centralUL17",
  "options": "",
  "era": "",
  "WCnames": [],
  "files": [
    "/store/mc/RunIISummer20UL17NanoAODv9/TTGJets_TuneCP5_13TeV-amcatnloFXFX-madspin-pythia8/NANOAODSIM/106X_mc2017_realistic_v9-v1/270000/50DB6B2E-5279-E642-A0BF-F57BF4D7F70E.root",
    "/store/mc/RunIISummer20UL17NanoAODv9/TTGJets_TuneCP5_13TeV-amcatnloFXFX-madspin-pythia8/NANOAODSIM/106X_mc2017_realistic_v9-v1/270000/A2204F43-75E3-C947-99CA-7865DA0977DA.root",
    "/store/mc/RunIISummer20UL17NanoAODv9/TTGJets_TuneCP5_13TeV-amcatnloFXFX-madspin-pythia8/NANOAODSIM/106X_mc2017_realistic_v9-v1/270000/4645F539-F7CA-564A-A949-E2D78D5A496D.root",
    "/store/mc/RunIISummer20UL17NanoAODv9/TTGJets_TuneCP5_13TeV-amcatnloFXFX-madspin-pythia8/NANOAODSIM/106X_mc2017_realistic_v9-v1/130000/E7FED13F-BD56-2C4E-BD5E-87E2193BA090.root",
    "/store/mc/RunIISummer20UL17NanoAODv9/TTGJets_TuneCP5_13TeV-amcatnloFXFX-madspin-pythia8/NANOAODSIM/106X_mc2017_realistic_v9-v1/130000/984C5CE3-BCE3-8F46-BAE0-DE0CA71796AF.root",
    "/store/mc/RunIISummer20UL17NanoAODv9/TTGJets_TuneCP5_13TeV-amcatnloFXFX-madspin-pythia8/NANOAODSIM/106X_mc2017_realistic_v9-v1/130000/4841B901-E9A5-2A49-B774-447C39D8D8B5.root"
  ],
  "nEvents": 3534208,
  "nSumOfWeights": 22157555.754240006,
  "isData": false,
  "path": "/store/mc/RunIISummer20UL17NanoAODv9/TTGJets_TuneCP5_13TeV-amcatnloFXFX-madspin-pythia8/NANOAODSIM/106X_mc2017_realistic_v9-v1/",
  "nSumOfWeights_ISRUp": 22553843.286214314,
  "nSumOfWeights_ISRDown": 21679623.834420454,
  "nSumOfWeights_FSRUp": 22164381.69595608,
  "nSumOfWeights_FSRDown": 22147957.404690593,
  "nSumOfWeights_renormUp": 19983759.90822319,
  "nSumOfWeights_renormDown": 23697880.81097931,
  "nSumOfWeights_factUp": 21879277.328387745,
  "nSumOfWeights_factDown": 22516675.82038916,
  "nSumOfWeights_renormfactUp": 19489676.86477817,
  "nSumOfWeights_renormfactDown": 23514737.13574201
}