{
  "xsec": 18610.0,
  "year": "2017",
  "treeName": "Events",
  "histAxisName": "DY10to50_centralUL17",
  "options": "",
  "WCnames": [],
  "files": [
    "/store/user/hnelson2/skims/mc/ptSkim/DY/UL17_DY10to50/output_685.root"
  ],
  "nEvents": 68480179,
  "nSumOfWeights": 68480179.0,
  "isData": false,
  "path": "/store/mc/RunIISummer20UL17NanoAODv9/DYJetsToLL_M-10to50_TuneCP5_13TeV-madgraphMLM-pythia8/NANOAODSIM/",
  "nSumOfWeights_ISRUp": 68797939.74104978,
  "nSumOfWeights_ISRDown": 68061104.79588823,
  "nSumOfWeights_FSRUp": 68510019.48392868,
  "nSumOfWeights_FSRDown": 68438539.35893536,
  "nSumOfWeights_renormUp": 68247810.52835083,
  "nSumOfWeights_renormDown": 68789116.85742188,
  "nSumOfWeights_factUp": 94243206.58441162,
  "nSumOfWeights_factDown": 45987267.88833852,
  "nSumOfWeights_renormfactUp": 93987464.66044617,
  "nSumOfWeights_renormfactDown": 46259858.73181386,
  "nSumOfWeights_LHEPDFweights0": 68480179.0,
  "nSumOfWeights_LHEPDFweights1": 66178471.68195364,
  "nSumOfWeights_LHEPDFweights2": 69930367.73416138,
  "nSumOfWeights_LHEPDFweights3": 67521925.3831253,
  "nSumOfWeights_LHEPDFweights4": 67889523.10459006,
  "nSumOfWeights_LHEPDFweights5": 68115259.96242237,
  "nSumOfWeights_LHEPDFweights6": 69271945.83742332,
  "nSumOfWeights_LHEPDFweights7": 68487062.1114254,
  "nSumOfWeights_LHEPDFweights8": 67746861.26685274,
  "nSumOfWeights_LHEPDFweights9": 68869270.45930645,
  "nSumOfWeights_LHEPDFweights10": 68591535.16451603,
  "nSumOfWeights_LHEPDFweights11": 68626297.86442566,
  "nSumOfWeights_LHEPDFweights12": 68307094.78306425,
  "nSumOfWeights_LHEPDFweights13": 68587167.2955367,
  "nSumOfWeights_LHEPDFweights14": 68268791.44396362,
  "nSumOfWeights_LHEPDFweights15": 68372372.07893386,
  "nSumOfWeights_LHEPDFweights16": 68477824.10049039,
  "nSumOfWeights_LHEPDFweights17": 68334845.09815559,
  "nSumOfWeights_LHEPDFweights18": 68546287.88566115,
  "nSumOfWeights_LHEPDFweights19": 68471422.82174322,
  "nSumOfWeights_LHEPDFweights20": 68501804.58328056,
  "nSumOfWeights_LHEPDFweights21": 68598741.2695786,
  "nSumOfWeights_LHEPDFweights22": 68585963.15093216,
  "nSumOfWeights_LHEPDFweights23": 68407209.6278534,
  "nSumOfWeights_LHEPDFweights24": 68430142.00853729,
  "nSumOfWeights_LHEPDFweights25": 68594684.47308634,
  "nSumOfWeights_LHEPDFweights26": 68344775.90806615,
  "nSumOfWeights_LHEPDFweights27": 68570918.91838777,
  "nSumOfWeights_LHEPDFweights28": 68473300.85358623,
  "nSumOfWeights_LHEPDFweights29": 68653882.39275569,
  "nSumOfWeights_LHEPDFweights30": 68485617.74812375,
  "nSumOfWeights_LHEPDFweights31": 68560249.96255098,
  "nSumOfWeights_LHEPDFweights32": 68506270.30818668,
  "nSumOfWeights_LHEPDFweights33": 68410883.09174952,
  "nSumOfWeights_LHEPDFweights34": 68529359.26910543,
  "nSumOfWeights_LHEPDFweights35": 68463298.22663713,
  "nSumOfWeights_LHEPDFweights36": 68509557.60746002,
  "nSumOfWeights_LHEPDFweights37": 68462415.31805858,
  "nSumOfWeights_LHEPDFweights38": 68606718.06449127,
  "nSumOfWeights_LHEPDFweights39": 68550067.35813265,
  "nSumOfWeights_LHEPDFweights40": 68527059.86330043,
  "nSumOfWeights_LHEPDFweights41": 68509038.10585022,
  "nSumOfWeights_LHEPDFweights42": 68420793.35739852,
  "nSumOfWeights_LHEPDFweights43": 68472936.69385219,
  "nSumOfWeights_LHEPDFweights44": 68471071.42343459,
  "nSumOfWeights_LHEPDFweights45": 68501733.42852993,
  "nSumOfWeights_LHEPDFweights46": 68538213.17925596,
  "nSumOfWeights_LHEPDFweights47": 68494959.36153033,
  "nSumOfWeights_LHEPDFweights48": 68430792.80358887,
  "nSumOfWeights_LHEPDFweights49": 68489104.08800846,
  "nSumOfWeights_LHEPDFweights50": 68555550.37505983,
  "nSumOfWeights_LHEPDFweights51": 68473403.66903055,
  "nSumOfWeights_LHEPDFweights52": 68445130.98142797,
  "nSumOfWeights_LHEPDFweights53": 68460285.49551192,
  "nSumOfWeights_LHEPDFweights54": 68531662.4508014,
  "nSumOfWeights_LHEPDFweights55": 68553083.29807258,
  "nSumOfWeights_LHEPDFweights56": 68477472.74232447,
  "nSumOfWeights_LHEPDFweights57": 68452816.36902618,
  "nSumOfWeights_LHEPDFweights58": 68486298.73469609,
  "nSumOfWeights_LHEPDFweights59": 68470473.30934906,
  "nSumOfWeights_LHEPDFweights60": 68425190.72859104,
  "nSumOfWeights_LHEPDFweights61": 68521474.6301485,
  "nSumOfWeights_LHEPDFweights62": 68440024.27534711,
  "nSumOfWeights_LHEPDFweights63": 68493445.27362579,
  "nSumOfWeights_LHEPDFweights64": 68496900.5477072,
  "nSumOfWeights_LHEPDFweights65": 68451859.55977392,
  "nSumOfWeights_LHEPDFweights66": 68501537.77657032,
  "nSumOfWeights_LHEPDFweights67": 68481464.35050964,
  "nSumOfWeights_LHEPDFweights68": 68464813.81156293,
  "nSumOfWeights_LHEPDFweights69": 68475117.6514448,
  "nSumOfWeights_LHEPDFweights70": 68461830.11499369,
  "nSumOfWeights_LHEPDFweights71": 68463251.30472183,
  "nSumOfWeights_LHEPDFweights72": 68519465.8478241,
  "nSumOfWeights_LHEPDFweights73": 68457466.30050097,
  "nSumOfWeights_LHEPDFweights74": 68477189.08288431,
  "nSumOfWeights_LHEPDFweights75": 68448415.35602951,
  "nSumOfWeights_LHEPDFweights76": 68469263.8149941,
  "nSumOfWeights_LHEPDFweights77": 68493168.52930355,
  "nSumOfWeights_LHEPDFweights78": 68437820.94784972,
  "nSumOfWeights_LHEPDFweights79": 68476446.18626577,
  "nSumOfWeights_LHEPDFweights80": 68485608.57595769,
  "nSumOfWeights_LHEPDFweights81": 68471348.7248565,
  "nSumOfWeights_LHEPDFweights82": 68453258.1616211,
  "nSumOfWeights_LHEPDFweights83": 68429161.8186281,
  "nSumOfWeights_LHEPDFweights84": 68493759.68074036,
  "nSumOfWeights_LHEPDFweights85": 68484238.04625943,
  "nSumOfWeights_LHEPDFweights86": 68481549.66970348,
  "nSumOfWeights_LHEPDFweights87": 68456644.84136128,
  "nSumOfWeights_LHEPDFweights88": 68502716.69743347,
  "nSumOfWeights_LHEPDFweights89": 68464200.9543457,
  "nSumOfWeights_LHEPDFweights90": 68484394.74236864,
  "nSumOfWeights_LHEPDFweights91": 68480709.19464111,
  "nSumOfWeights_LHEPDFweights92": 68492776.40756226,
  "nSumOfWeights_LHEPDFweights93": 68510863.67465866,
  "nSumOfWeights_LHEPDFweights94": 68461858.57847595,
  "nSumOfWeights_LHEPDFweights95": 68470638.54617202,
  "nSumOfWeights_LHEPDFweights96": 68492224.96340188,
  "nSumOfWeights_LHEPDFweights97": 68514742.38769531,
  "nSumOfWeights_LHEPDFweights98": 68488191.49006653,
  "nSumOfWeights_LHEPDFweights99": 68482327.4637146,
  "nSumOfWeights_LHEPDFweights100": 68480179.0,
  "nSumOfWeights_LHEPDFweights101": 67372241.41108558,
  "nSumOfWeights_LHEPDFweights102": 69960492.17899989,
  "nSumOfWeights_hdampUp": 68480179.0,
  "nSumOfWeights_hdampDown": 68480179.0,
  "nSumOfWeights_toppt": 68480179.0
}