{
  "xsec": 12.178,
  "year": "2017",
  "treeName": "Events",
  "histAxisName": "WWTo2L2Nu_centralUL17",
  "options": "",
  "WCnames": [],
  "files": [
    "/store/user/hnelson2/skims/mc/ptSkim/background/UL17_WWTo2L2Nu/output_1595.root",
    "/store/user/hnelson2/skims/mc/ptSkim/background/UL17_WWTo2L2Nu/output_993.root",
    "/store/user/hnelson2/skims/mc/ptSkim/background/UL17_WWTo2L2Nu/output_642.root",
    "/store/user/hnelson2/skims/mc/ptSkim/background/UL17_WWTo2L2Nu/output_1854.root",
    "/store/user/hnelson2/skims/mc/ptSkim/background/UL17_WWTo2L2Nu/output_1985.root",
    "/store/user/hnelson2/skims/mc/ptSkim/background/UL17_WWTo2L2Nu/output_1952.root",
    "/store/user/hnelson2/skims/mc/ptSkim/background/UL17_WWTo2L2Nu/output_1745.root"
  ],
  "nEvents": 7098000,
  "nSumOfWeights": 78687950.41659999,
  "isData": false,
  "path": "/store/mc/RunIISummer20UL17NanoAODv9/WWTo2L2Nu_TuneCP5_13TeV-powheg-pythia8/NANOAODSIM/106X_mc2017_realistic_v9-v2/",
  "nSumOfWeights_ISRUp": 78680335.52366611,
  "nSumOfWeights_ISRDown": 78695045.62291431,
  "nSumOfWeights_FSRUp": 78684867.96787101,
  "nSumOfWeights_FSRDown": 78696648.57334101,
  "nSumOfWeights_renormUp": 77099143.6556321,
  "nSumOfWeights_renormDown": 80594329.20269537,
  "nSumOfWeights_factUp": 79580779.59938031,
  "nSumOfWeights_factDown": 77594166.41573487,
  "nSumOfWeights_renormfactUp": 78070639.58145143,
  "nSumOfWeights_renormfactDown": 79620357.88938172,
  "nSumOfWeights_LHEPDFweights0": 78227647.05514762,
  "nSumOfWeights_LHEPDFweights1": 80690552.81743374,
  "nSumOfWeights_LHEPDFweights2": 78513518.8905458,
  "nSumOfWeights_LHEPDFweights3": 77489110.88696752,
  "nSumOfWeights_LHEPDFweights4": 77781863.07135707,
  "nSumOfWeights_LHEPDFweights5": 77570487.859712,
  "nSumOfWeights_LHEPDFweights6": 78994111.78873216,
  "nSumOfWeights_LHEPDFweights7": 78394505.50113975,
  "nSumOfWeights_LHEPDFweights8": 77707493.02420577,
  "nSumOfWeights_LHEPDFweights9": 77443229.57429832,
  "nSumOfWeights_LHEPDFweights10": 76825418.81184795,
  "nSumOfWeights_LHEPDFweights11": 78013083.68823674,
  "nSumOfWeights_LHEPDFweights12": 77721347.30392751,
  "nSumOfWeights_LHEPDFweights13": 78042436.3388487,
  "nSumOfWeights_LHEPDFweights14": 78830483.1706578,
  "nSumOfWeights_LHEPDFweights15": 78451703.51965553,
  "nSumOfWeights_LHEPDFweights16": 78162254.76707079,
  "nSumOfWeights_LHEPDFweights17": 78860641.09519881,
  "nSumOfWeights_LHEPDFweights18": 78087958.88995093,
  "nSumOfWeights_LHEPDFweights19": 79380172.10920566,
  "nSumOfWeights_LHEPDFweights20": 77333409.57260613,
  "nSumOfWeights_LHEPDFweights21": 78331614.4659883,
  "nSumOfWeights_LHEPDFweights22": 79687150.28266619,
  "nSumOfWeights_LHEPDFweights23": 79133362.52016863,
  "nSumOfWeights_LHEPDFweights24": 77773962.4269656,
  "nSumOfWeights_LHEPDFweights25": 78641786.48906444,
  "nSumOfWeights_LHEPDFweights26": 78849793.6072409,
  "nSumOfWeights_LHEPDFweights27": 79847833.54683357,
  "nSumOfWeights_LHEPDFweights28": 78635648.44659565,
  "nSumOfWeights_LHEPDFweights29": 78416092.7777928,
  "nSumOfWeights_LHEPDFweights30": 78652276.39471145,
  "nSumOfWeights_LHEPDFweights31": 78736498.92193162,
  "nSumOfWeights_LHEPDFweights32": 78084107.29360284,
  "nSumOfWeights_LHEPDFweights33": 79789403.54556608,
  "nSumOfWeights_LHEPDFweights34": 77304580.38798612,
  "nSumOfWeights_LHEPDFweights35": 78296225.23258735,
  "nSumOfWeights_LHEPDFweights36": 78598362.32002364,
  "nSumOfWeights_LHEPDFweights37": 78080676.23867942,
  "nSumOfWeights_LHEPDFweights38": 77667855.67297547,
  "nSumOfWeights_LHEPDFweights39": 77816707.41204257,
  "nSumOfWeights_LHEPDFweights40": 78125959.421267,
  "nSumOfWeights_LHEPDFweights41": 79222325.41465515,
  "nSumOfWeights_LHEPDFweights42": 78791313.338852,
  "nSumOfWeights_LHEPDFweights43": 79057760.71367663,
  "nSumOfWeights_LHEPDFweights44": 78436029.99979527,
  "nSumOfWeights_LHEPDFweights45": 78215436.14934354,
  "nSumOfWeights_LHEPDFweights46": 78765465.43479086,
  "nSumOfWeights_LHEPDFweights47": 79232629.90612034,
  "nSumOfWeights_LHEPDFweights48": 78048131.18802097,
  "nSumOfWeights_LHEPDFweights49": 79215263.68523668,
  "nSumOfWeights_LHEPDFweights50": 78240398.01497683,
  "nSumOfWeights_LHEPDFweights51": 78224186.30108953,
  "nSumOfWeights_LHEPDFweights52": 78029999.08399917,
  "nSumOfWeights_LHEPDFweights53": 78793227.0160721,
  "nSumOfWeights_LHEPDFweights54": 79673123.93322507,
  "nSumOfWeights_LHEPDFweights55": 79375588.16479453,
  "nSumOfWeights_LHEPDFweights56": 78550424.7758025,
  "nSumOfWeights_LHEPDFweights57": 79559294.79802507,
  "nSumOfWeights_LHEPDFweights58": 78902433.1253329,
  "nSumOfWeights_LHEPDFweights59": 78224735.04299405,
  "nSumOfWeights_LHEPDFweights60": 79187324.18010092,
  "nSumOfWeights_LHEPDFweights61": 77800519.5999678,
  "nSumOfWeights_LHEPDFweights62": 78459787.81693052,
  "nSumOfWeights_LHEPDFweights63": 78199609.21293685,
  "nSumOfWeights_LHEPDFweights64": 77686866.58747816,
  "nSumOfWeights_LHEPDFweights65": 79313786.26208763,
  "nSumOfWeights_LHEPDFweights66": 78708149.37059005,
  "nSumOfWeights_LHEPDFweights67": 78971881.08534545,
  "nSumOfWeights_LHEPDFweights68": 78724830.74591166,
  "nSumOfWeights_LHEPDFweights69": 78667232.93414336,
  "nSumOfWeights_LHEPDFweights70": 77760598.18332939,
  "nSumOfWeights_LHEPDFweights71": 77919900.44882233,
  "nSumOfWeights_LHEPDFweights72": 77989766.54592507,
  "nSumOfWeights_LHEPDFweights73": 76635990.73027486,
  "nSumOfWeights_LHEPDFweights74": 77021082.65829,
  "nSumOfWeights_LHEPDFweights75": 77663966.3696838,
  "nSumOfWeights_LHEPDFweights76": 79784068.6801257,
  "nSumOfWeights_LHEPDFweights77": 77029389.72575532,
  "nSumOfWeights_LHEPDFweights78": 78693238.28973578,
  "nSumOfWeights_LHEPDFweights79": 78537506.47113338,
  "nSumOfWeights_LHEPDFweights80": 78202906.10509385,
  "nSumOfWeights_LHEPDFweights81": 78629706.30757083,
  "nSumOfWeights_LHEPDFweights82": 78162254.76707079,
  "nSumOfWeights_LHEPDFweights83": 77855274.955637,
  "nSumOfWeights_LHEPDFweights84": 77881823.79540224,
  "nSumOfWeights_LHEPDFweights85": 77603556.34480694,
  "nSumOfWeights_LHEPDFweights86": 79307846.07624958,
  "nSumOfWeights_LHEPDFweights87": 77679843.17740898,
  "nSumOfWeights_LHEPDFweights88": 78834600.20927736,
  "nSumOfWeights_LHEPDFweights89": 75882831.66304956,
  "nSumOfWeights_LHEPDFweights90": 78079525.6520076,
  "nSumOfWeights_LHEPDFweights91": 78758435.33178493,
  "nSumOfWeights_LHEPDFweights92": 76847447.29438595,
  "nSumOfWeights_LHEPDFweights93": 77568366.16812071,
  "nSumOfWeights_LHEPDFweights94": 78244585.96429728,
  "nSumOfWeights_LHEPDFweights95": 77585697.32283546,
  "nSumOfWeights_LHEPDFweights96": 78884507.15629053,
  "nSumOfWeights_LHEPDFweights97": 78555293.57728778,
  "nSumOfWeights_LHEPDFweights98": 78076186.19890955,
  "nSumOfWeights_LHEPDFweights99": 78328124.95782141,
  "nSumOfWeights_LHEPDFweights100": 78092278.6447234,
  "nSumOfWeights_LHEPDFweights101": 0.0,
  "nSumOfWeights_LHEPDFweights102": 0.0,
  "nSumOfWeights_hdampUp": 78687949.3699665,
  "nSumOfWeights_hdampDown": 78687949.3699665,
  "nSumOfWeights_toppt": 78687949.3699665
}