{
  "xsec": 5.284311882352942,
  "year": "2017",
  "treeName": "Events",
  "histAxisName": "WZTo3LNu_centralUL17",
  "options": "",
  "WCnames": [],
  "files": [
    "/store/user/hnelson2/skims/mc/ptSkim/background/UL17_WZTo3LNu/output_2042.root",
    "/store/user/hnelson2/skims/mc/ptSkim/background/UL17_WZTo3LNu/output_2043.root"
  ],
  "nEvents": 1994000,
  "nSumOfWeights": 9298956.96416,
  "isData": false,
  "path": "/store/mc/RunIISummer20UL17NanoAODv9/WZTo3LNu_mllmin4p0_TuneCP5_13TeV-powheg-pythia8/NANOAODSIM/",
  "nSumOfWeights_ISRUp": 9298091.675498981,
  "nSumOfWeights_ISRDown": 9299848.292695746,
  "nSumOfWeights_FSRUp": 9298296.919724047,
  "nSumOfWeights_FSRDown": 9297824.481272101,
  "nSumOfWeights_renormUp": 9096876.405384673,
  "nSumOfWeights_renormDown": 9543458.669339737,
  "nSumOfWeights_factUp": 9512659.415858917,
  "nSumOfWeights_factDown": 8980991.502358405,
  "nSumOfWeights_renormfactUp": 9343678.623454014,
  "nSumOfWeights_renormfactDown": 9261752.746458244,
  "nSumOfWeights_LHEPDFweights0": 9298672.883655548,
  "nSumOfWeights_LHEPDFweights1": 9306870.486223124,
  "nSumOfWeights_LHEPDFweights2": 9304644.441841424,
  "nSumOfWeights_LHEPDFweights3": 9278708.993313402,
  "nSumOfWeights_LHEPDFweights4": 9300086.792271137,
  "nSumOfWeights_LHEPDFweights5": 9288680.7264691,
  "nSumOfWeights_LHEPDFweights6": 9296116.247572592,
  "nSumOfWeights_LHEPDFweights7": 9294926.086176261,
  "nSumOfWeights_LHEPDFweights8": 9284897.717806386,
  "nSumOfWeights_LHEPDFweights9": 9300046.135035813,
  "nSumOfWeights_LHEPDFweights10": 9287336.05359717,
  "nSumOfWeights_LHEPDFweights11": 9304654.201667726,
  "nSumOfWeights_LHEPDFweights12": 9294756.710907899,
  "nSumOfWeights_LHEPDFweights13": 9310336.932431608,
  "nSumOfWeights_LHEPDFweights14": 9292076.580276774,
  "nSumOfWeights_LHEPDFweights15": 9318108.610195082,
  "nSumOfWeights_LHEPDFweights16": 9293680.652829409,
  "nSumOfWeights_LHEPDFweights17": 9295178.435012244,
  "nSumOfWeights_LHEPDFweights18": 9293943.26669792,
  "nSumOfWeights_LHEPDFweights19": 9301708.784045441,
  "nSumOfWeights_LHEPDFweights20": 9323322.322614435,
  "nSumOfWeights_LHEPDFweights21": 9299255.041381178,
  "nSumOfWeights_LHEPDFweights22": 9305712.39058864,
  "nSumOfWeights_LHEPDFweights23": 9288070.613095254,
  "nSumOfWeights_LHEPDFweights24": 9302243.618695822,
  "nSumOfWeights_LHEPDFweights25": 9297648.78820392,
  "nSumOfWeights_LHEPDFweights26": 9291606.967903811,
  "nSumOfWeights_LHEPDFweights27": 9325305.918744858,
  "nSumOfWeights_LHEPDFweights28": 9305750.629975446,
  "nSumOfWeights_LHEPDFweights29": 9315813.572430162,
  "nSumOfWeights_LHEPDFweights30": 9300766.310299873,
  "nSumOfWeights_LHEPDFweights31": 9324477.376548856,
  "nSumOfWeights_LHEPDFweights32": 9301435.779601514,
  "nSumOfWeights_LHEPDFweights33": 9301166.587989638,
  "nSumOfWeights_LHEPDFweights34": 9307299.659009738,
  "nSumOfWeights_LHEPDFweights35": 9295075.180683203,
  "nSumOfWeights_LHEPDFweights36": 9288159.857870102,
  "nSumOfWeights_LHEPDFweights37": 9305833.208145812,
  "nSumOfWeights_LHEPDFweights38": 9308686.212455742,
  "nSumOfWeights_LHEPDFweights39": 9295070.272104992,
  "nSumOfWeights_LHEPDFweights40": 9299098.630544145,
  "nSumOfWeights_LHEPDFweights41": 9308039.471728742,
  "nSumOfWeights_LHEPDFweights42": 9289879.822487138,
  "nSumOfWeights_LHEPDFweights43": 9294616.855264898,
  "nSumOfWeights_LHEPDFweights44": 9290477.498346593,
  "nSumOfWeights_LHEPDFweights45": 9298815.419156987,
  "nSumOfWeights_LHEPDFweights46": 9298965.998835996,
  "nSumOfWeights_LHEPDFweights47": 9295771.84684755,
  "nSumOfWeights_LHEPDFweights48": 9302029.646119986,
  "nSumOfWeights_LHEPDFweights49": 9295585.480600452,
  "nSumOfWeights_LHEPDFweights50": 9296885.603276135,
  "nSumOfWeights_LHEPDFweights51": 9300835.830024261,
  "nSumOfWeights_LHEPDFweights52": 9297404.11623583,
  "nSumOfWeights_LHEPDFweights53": 9299922.730067093,
  "nSumOfWeights_LHEPDFweights54": 9299929.65247655,
  "nSumOfWeights_LHEPDFweights55": 9305271.988990357,
  "nSumOfWeights_LHEPDFweights56": 9302448.453902896,
  "nSumOfWeights_LHEPDFweights57": 9298219.902610183,
  "nSumOfWeights_LHEPDFweights58": 9298992.6594783,
  "nSumOfWeights_LHEPDFweights59": 9302949.7173976,
  "nSumOfWeights_LHEPDFweights60": 9299116.37019236,
  "nSumOfWeights_LHEPDFweights61": 9300327.709026136,
  "nSumOfWeights_LHEPDFweights62": 9299407.367454782,
  "nSumOfWeights_LHEPDFweights63": 9298525.217698537,
  "nSumOfWeights_LHEPDFweights64": 9304480.13903439,
  "nSumOfWeights_LHEPDFweights65": 9298143.925712883,
  "nSumOfWeights_LHEPDFweights66": 9304024.934330031,
  "nSumOfWeights_LHEPDFweights67": 9302943.755767763,
  "nSumOfWeights_LHEPDFweights68": 9297517.269436046,
  "nSumOfWeights_LHEPDFweights69": 9299701.958345294,
  "nSumOfWeights_LHEPDFweights70": 9296393.045936448,
  "nSumOfWeights_LHEPDFweights71": 9301002.558813393,
  "nSumOfWeights_LHEPDFweights72": 9301504.760996014,
  "nSumOfWeights_LHEPDFweights73": 9298802.285788758,
  "nSumOfWeights_LHEPDFweights74": 9300092.6155383,
  "nSumOfWeights_LHEPDFweights75": 9296143.29865545,
  "nSumOfWeights_LHEPDFweights76": 9297692.289386198,
  "nSumOfWeights_LHEPDFweights77": 9302749.64531681,
  "nSumOfWeights_LHEPDFweights78": 9297308.932001859,
  "nSumOfWeights_LHEPDFweights79": 9295948.091368023,
  "nSumOfWeights_LHEPDFweights80": 9298755.525322944,
  "nSumOfWeights_LHEPDFweights81": 9297485.673800148,
  "nSumOfWeights_LHEPDFweights82": 9299335.534286112,
  "nSumOfWeights_LHEPDFweights83": 9295175.650558352,
  "nSumOfWeights_LHEPDFweights84": 9301074.339896495,
  "nSumOfWeights_LHEPDFweights85": 9298026.3578685,
  "nSumOfWeights_LHEPDFweights86": 9298600.605295718,
  "nSumOfWeights_LHEPDFweights87": 9298786.249516007,
  "nSumOfWeights_LHEPDFweights88": 9301898.449706435,
  "nSumOfWeights_LHEPDFweights89": 9300906.625855684,
  "nSumOfWeights_LHEPDFweights90": 9299423.413002968,
  "nSumOfWeights_LHEPDFweights91": 9299966.157848716,
  "nSumOfWeights_LHEPDFweights92": 9298191.136756629,
  "nSumOfWeights_LHEPDFweights93": 9299336.512272447,
  "nSumOfWeights_LHEPDFweights94": 9295389.056526564,
  "nSumOfWeights_LHEPDFweights95": 9297207.741738189,
  "nSumOfWeights_LHEPDFweights96": 9298345.498524234,
  "nSumOfWeights_LHEPDFweights97": 9298890.100563526,
  "nSumOfWeights_LHEPDFweights98": 9298971.37867403,
  "nSumOfWeights_LHEPDFweights99": 9298474.194468975,
  "nSumOfWeights_LHEPDFweights100": 9298672.883655548,
  "nSumOfWeights_LHEPDFweights101": 9165841.226484807,
  "nSumOfWeights_LHEPDFweights102": 9406207.469395187,
  "nSumOfWeights_hdampUp": 9298956.91991806,
  "nSumOfWeights_hdampDown": 9298956.91991806,
  "nSumOfWeights_toppt": 9298956.91991806
}