{
  "xsec": 61526.7,
  "year": "2018",
  "treeName": "Events",
  "histAxisName": "WJetsToLNu_centralUL18",
  "options": "",
  "WCnames": [],
  "files": [
    "/store/user/hnelson2/skims/mc/ptSkim/background/UL18_WJetsToLNu/output_1809.root",
    "/store/user/hnelson2/skims/mc/ptSkim/background/UL18_WJetsToLNu/output_1703.root",
    "/store/user/hnelson2/skims/mc/ptSkim/background/UL18_WJetsToLNu/output_1855.root",
    "/store/user/hnelson2/skims/mc/ptSkim/background/UL18_WJetsToLNu/output_1772.root",
    "/store/user/hnelson2/skims/mc/ptSkim/background/UL18_WJetsToLNu/output_1597.root"
  ],
  "nEvents": 81051269,
  "nSumOfWeights": 1188874708.6423702,
  "isData": false,
  "path": "/store/mc/RunIISummer20UL18NanoAODv9/WJetsToLNu_TuneCP5_13TeV-madgraphMLM-pythia8/NANOAODSIM/106X_upgrade2018_realistic_v16_L1v1-v1/",
  "nSumOfWeights_ISRUp": 1225493897.7197475,
  "nSumOfWeights_ISRDown": 1143095104.1035447,
  "nSumOfWeights_FSRUp": 1191238043.9050424,
  "nSumOfWeights_FSRDown": 1185591854.391595,
  "nSumOfWeights_renormUp": 1184746317.4999735,
  "nSumOfWeights_renormDown": 1193930883.2352967,
  "nSumOfWeights_factUp": 1312659401.196361,
  "nSumOfWeights_factDown": 1052102914.4490085,
  "nSumOfWeights_renormfactUp": 1308465554.1734278,
  "nSumOfWeights_renormfactDown": 1057034625.4152116,
  "nSumOfWeights_LHEPDFweights0": 1188874696.232233,
  "nSumOfWeights_LHEPDFweights1": 1190005786.8943248,
  "nSumOfWeights_LHEPDFweights2": 1190193321.105033,
  "nSumOfWeights_LHEPDFweights3": 1185815799.5373907,
  "nSumOfWeights_LHEPDFweights4": 1188184657.3431637,
  "nSumOfWeights_LHEPDFweights5": 1187668495.0047994,
  "nSumOfWeights_LHEPDFweights6": 1188116641.2942529,
  "nSumOfWeights_LHEPDFweights7": 1188422290.751931,
  "nSumOfWeights_LHEPDFweights8": 1187511249.32372,
  "nSumOfWeights_LHEPDFweights9": 1187965068.9579566,
  "nSumOfWeights_LHEPDFweights10": 1188098928.9774773,
  "nSumOfWeights_LHEPDFweights11": 1189790174.4328046,
  "nSumOfWeights_LHEPDFweights12": 1187971390.9460058,
  "nSumOfWeights_LHEPDFweights13": 1189595474.7916098,
  "nSumOfWeights_LHEPDFweights14": 1187337398.6391714,
  "nSumOfWeights_LHEPDFweights15": 1189709158.4400148,
  "nSumOfWeights_LHEPDFweights16": 1188272326.815341,
  "nSumOfWeights_LHEPDFweights17": 1188090800.9025002,
  "nSumOfWeights_LHEPDFweights18": 1189461009.3051877,
  "nSumOfWeights_LHEPDFweights19": 1189407622.6642997,
  "nSumOfWeights_LHEPDFweights20": 1191916423.234308,
  "nSumOfWeights_LHEPDFweights21": 1189908197.4757152,
  "nSumOfWeights_LHEPDFweights22": 1189036132.2851915,
  "nSumOfWeights_LHEPDFweights23": 1187881410.0942202,
  "nSumOfWeights_LHEPDFweights24": 1190010652.3549957,
  "nSumOfWeights_LHEPDFweights25": 1189251573.3479056,
  "nSumOfWeights_LHEPDFweights26": 1187718815.7373483,
  "nSumOfWeights_LHEPDFweights27": 1191656241.9347417,
  "nSumOfWeights_LHEPDFweights28": 1189372820.6269732,
  "nSumOfWeights_LHEPDFweights29": 1190477051.20907,
  "nSumOfWeights_LHEPDFweights30": 1188695219.6906245,
  "nSumOfWeights_LHEPDFweights31": 1190996675.0329175,
  "nSumOfWeights_LHEPDFweights32": 1189396712.1401098,
  "nSumOfWeights_LHEPDFweights33": 1188693772.0874434,
  "nSumOfWeights_LHEPDFweights34": 1189629080.0982642,
  "nSumOfWeights_LHEPDFweights35": 1188465797.9065473,
  "nSumOfWeights_LHEPDFweights36": 1188180444.5654254,
  "nSumOfWeights_LHEPDFweights37": 1189328007.2270863,
  "nSumOfWeights_LHEPDFweights38": 1190081494.7790222,
  "nSumOfWeights_LHEPDFweights39": 1188510723.3451118,
  "nSumOfWeights_LHEPDFweights40": 1188808715.982181,
  "nSumOfWeights_LHEPDFweights41": 1190134564.544526,
  "nSumOfWeights_LHEPDFweights42": 1188070324.949801,
  "nSumOfWeights_LHEPDFweights43": 1188273316.6961105,
  "nSumOfWeights_LHEPDFweights44": 1187875447.8536239,
  "nSumOfWeights_LHEPDFweights45": 1188976675.4006927,
  "nSumOfWeights_LHEPDFweights46": 1189017382.5389411,
  "nSumOfWeights_LHEPDFweights47": 1188464148.2946403,
  "nSumOfWeights_LHEPDFweights48": 1189133865.9095826,
  "nSumOfWeights_LHEPDFweights49": 1188601413.5387878,
  "nSumOfWeights_LHEPDFweights50": 1188760353.5056236,
  "nSumOfWeights_LHEPDFweights51": 1188912227.6892405,
  "nSumOfWeights_LHEPDFweights52": 1188629296.9325428,
  "nSumOfWeights_LHEPDFweights53": 1189034435.1392894,
  "nSumOfWeights_LHEPDFweights54": 1189108092.0395844,
  "nSumOfWeights_LHEPDFweights55": 1189495660.3303761,
  "nSumOfWeights_LHEPDFweights56": 1189214648.1409595,
  "nSumOfWeights_LHEPDFweights57": 1188774747.0722919,
  "nSumOfWeights_LHEPDFweights58": 1188772971.151167,
  "nSumOfWeights_LHEPDFweights59": 1189170609.8715425,
  "nSumOfWeights_LHEPDFweights60": 1188744529.9938452,
  "nSumOfWeights_LHEPDFweights61": 1189056086.169374,
  "nSumOfWeights_LHEPDFweights62": 1188941192.8706517,
  "nSumOfWeights_LHEPDFweights63": 1188854075.7789123,
  "nSumOfWeights_LHEPDFweights64": 1189550080.17424,
  "nSumOfWeights_LHEPDFweights65": 1188807786.7038093,
  "nSumOfWeights_LHEPDFweights66": 1189430036.0324826,
  "nSumOfWeights_LHEPDFweights67": 1189211134.3335953,
  "nSumOfWeights_LHEPDFweights68": 1188764281.6420152,
  "nSumOfWeights_LHEPDFweights69": 1189067997.3059163,
  "nSumOfWeights_LHEPDFweights70": 1188586414.4348137,
  "nSumOfWeights_LHEPDFweights71": 1189141531.6670766,
  "nSumOfWeights_LHEPDFweights72": 1189207843.0235667,
  "nSumOfWeights_LHEPDFweights73": 1188785301.473527,
  "nSumOfWeights_LHEPDFweights74": 1189054131.9636588,
  "nSumOfWeights_LHEPDFweights75": 1188515517.573772,
  "nSumOfWeights_LHEPDFweights76": 1188759441.9843082,
  "nSumOfWeights_LHEPDFweights77": 1189401335.4338272,
  "nSumOfWeights_LHEPDFweights78": 1188642286.7834876,
  "nSumOfWeights_LHEPDFweights79": 1188567031.699405,
  "nSumOfWeights_LHEPDFweights80": 1188903920.981227,
  "nSumOfWeights_LHEPDFweights81": 1188632059.0057492,
  "nSumOfWeights_LHEPDFweights82": 1188873163.226578,
  "nSumOfWeights_LHEPDFweights83": 1188511639.4952726,
  "nSumOfWeights_LHEPDFweights84": 1189101490.043245,
  "nSumOfWeights_LHEPDFweights85": 1188837255.8993719,
  "nSumOfWeights_LHEPDFweights86": 1188846215.2259035,
  "nSumOfWeights_LHEPDFweights87": 1188815567.835906,
  "nSumOfWeights_LHEPDFweights88": 1189247452.7581952,
  "nSumOfWeights_LHEPDFweights89": 1189049578.569904,
  "nSumOfWeights_LHEPDFweights90": 1188956542.393706,
  "nSumOfWeights_LHEPDFweights91": 1188999153.0241628,
  "nSumOfWeights_LHEPDFweights92": 1188842579.3436751,
  "nSumOfWeights_LHEPDFweights93": 1188940550.0226853,
  "nSumOfWeights_LHEPDFweights94": 1188416242.428984,
  "nSumOfWeights_LHEPDFweights95": 1188701998.156714,
  "nSumOfWeights_LHEPDFweights96": 1188782437.6755457,
  "nSumOfWeights_LHEPDFweights97": 1188895834.3718693,
  "nSumOfWeights_LHEPDFweights98": 1188885164.448286,
  "nSumOfWeights_LHEPDFweights99": 1188782274.2666523,
  "nSumOfWeights_LHEPDFweights100": 1188874696.232233,
  "nSumOfWeights_LHEPDFweights101": 1168737881.6954563,
  "nSumOfWeights_LHEPDFweights102": 1205205697.7390988,
  "nSumOfWeights_hdampUp": 1188874696.232233,
  "nSumOfWeights_hdampDown": 1188874696.232233,
  "nSumOfWeights_toppt": 1188874696.232233
}