{
  "xsec": 5.284311882352942,
  "year": "2018",
  "treeName": "Events",
  "histAxisName": "WZTo3LNu_centralUL18",
  "options": "",
  "WCnames": [],
  "files": [
    "/store/user/hnelson2/skims/mc/ptSkim/background/UL18_WZTo3LNu/output_2096.root",
    "/store/user/hnelson2/skims/mc/ptSkim/background/UL18_WZTo3LNu/output_2097.root"
  ],
  "nEvents": 1998000,
  "nSumOfWeights": 9317324.734079998,
  "isData": false,
  "path": "/store/mc/RunIISummer20UL18NanoAODv9/WZTo3LNu_mllmin4p0_TuneCP5_13TeV-powheg-pythia8/NANOAODSIM/",
  "nSumOfWeights_ISRUp": 9316843.118635407,
  "nSumOfWeights_ISRDown": 9317694.674033843,
  "nSumOfWeights_FSRUp": 9317249.673361003,
  "nSumOfWeights_FSRDown": 9319280.384728871,
  "nSumOfWeights_renormUp": 9115892.19197619,
  "nSumOfWeights_renormDown": 9562235.501122978,
  "nSumOfWeights_factUp": 9531794.222741347,
  "nSumOfWeights_factDown": 8998457.666593643,
  "nSumOfWeights_renormfactUp": 9363489.34686229,
  "nSumOfWeights_renormfactDown": 9279660.03598252,
  "nSumOfWeights_LHEPDFweights0": 9317040.092445374,
  "nSumOfWeights_LHEPDFweights1": 9325248.370036107,
  "nSumOfWeights_LHEPDFweights2": 9322952.908295065,
  "nSumOfWeights_LHEPDFweights3": 9297220.95715392,
  "nSumOfWeights_LHEPDFweights4": 9318331.286313038,
  "nSumOfWeights_LHEPDFweights5": 9307185.903287277,
  "nSumOfWeights_LHEPDFweights6": 9314412.558707433,
  "nSumOfWeights_LHEPDFweights7": 9313411.005511597,
  "nSumOfWeights_LHEPDFweights8": 9303344.047269134,
  "nSumOfWeights_LHEPDFweights9": 9318368.595651189,
  "nSumOfWeights_LHEPDFweights10": 9306008.312438933,
  "nSumOfWeights_LHEPDFweights11": 9322976.207797676,
  "nSumOfWeights_LHEPDFweights12": 9313059.936895816,
  "nSumOfWeights_LHEPDFweights13": 9328631.315485314,
  "nSumOfWeights_LHEPDFweights14": 9310405.74445332,
  "nSumOfWeights_LHEPDFweights15": 9336328.04356909,
  "nSumOfWeights_LHEPDFweights16": 9312210.911507655,
  "nSumOfWeights_LHEPDFweights17": 9313515.391199611,
  "nSumOfWeights_LHEPDFweights18": 9312529.140311094,
  "nSumOfWeights_LHEPDFweights19": 9319964.917227112,
  "nSumOfWeights_LHEPDFweights20": 9341717.470630798,
  "nSumOfWeights_LHEPDFweights21": 9317722.710304666,
  "nSumOfWeights_LHEPDFweights22": 9324058.814030915,
  "nSumOfWeights_LHEPDFweights23": 9306499.718488812,
  "nSumOfWeights_LHEPDFweights24": 9320856.57542859,
  "nSumOfWeights_LHEPDFweights25": 9316105.056043437,
  "nSumOfWeights_LHEPDFweights26": 9309948.926305136,
  "nSumOfWeights_LHEPDFweights27": 9343566.1686602,
  "nSumOfWeights_LHEPDFweights28": 9324215.492130507,
  "nSumOfWeights_LHEPDFweights29": 9334173.581777263,
  "nSumOfWeights_LHEPDFweights30": 9319016.503426451,
  "nSumOfWeights_LHEPDFweights31": 9342909.52885112,
  "nSumOfWeights_LHEPDFweights32": 9319856.905540109,
  "nSumOfWeights_LHEPDFweights33": 9319181.316952916,
  "nSumOfWeights_LHEPDFweights34": 9325782.456600666,
  "nSumOfWeights_LHEPDFweights35": 9313526.404951042,
  "nSumOfWeights_LHEPDFweights36": 9306401.478366196,
  "nSumOfWeights_LHEPDFweights37": 9324208.832776818,
  "nSumOfWeights_LHEPDFweights38": 9327121.077195704,
  "nSumOfWeights_LHEPDFweights39": 9313444.596195418,
  "nSumOfWeights_LHEPDFweights40": 9317543.41477198,
  "nSumOfWeights_LHEPDFweights41": 9326551.680535138,
  "nSumOfWeights_LHEPDFweights42": 9308237.198234493,
  "nSumOfWeights_LHEPDFweights43": 9312919.59297416,
  "nSumOfWeights_LHEPDFweights44": 9308867.233664999,
  "nSumOfWeights_LHEPDFweights45": 9317192.947734734,
  "nSumOfWeights_LHEPDFweights46": 9317202.160681434,
  "nSumOfWeights_LHEPDFweights47": 9314089.44468357,
  "nSumOfWeights_LHEPDFweights48": 9320335.090630487,
  "nSumOfWeights_LHEPDFweights49": 9314021.265747763,
  "nSumOfWeights_LHEPDFweights50": 9315198.793687655,
  "nSumOfWeights_LHEPDFweights51": 9319134.108076496,
  "nSumOfWeights_LHEPDFweights52": 9315844.535104662,
  "nSumOfWeights_LHEPDFweights53": 9318383.996543603,
  "nSumOfWeights_LHEPDFweights54": 9318138.449139953,
  "nSumOfWeights_LHEPDFweights55": 9323685.437892666,
  "nSumOfWeights_LHEPDFweights56": 9320778.17578318,
  "nSumOfWeights_LHEPDFweights57": 9316604.550314516,
  "nSumOfWeights_LHEPDFweights58": 9317395.729193497,
  "nSumOfWeights_LHEPDFweights59": 9321404.77626456,
  "nSumOfWeights_LHEPDFweights60": 9317511.39328163,
  "nSumOfWeights_LHEPDFweights61": 9318821.894711403,
  "nSumOfWeights_LHEPDFweights62": 9317752.633911781,
  "nSumOfWeights_LHEPDFweights63": 9316894.186366975,
  "nSumOfWeights_LHEPDFweights64": 9322931.369687714,
  "nSumOfWeights_LHEPDFweights65": 9316546.402870387,
  "nSumOfWeights_LHEPDFweights66": 9322350.919892117,
  "nSumOfWeights_LHEPDFweights67": 9321312.480530769,
  "nSumOfWeights_LHEPDFweights68": 9315911.97974877,
  "nSumOfWeights_LHEPDFweights69": 9318047.47674881,
  "nSumOfWeights_LHEPDFweights70": 9314655.349656245,
  "nSumOfWeights_LHEPDFweights71": 9319481.42337954,
  "nSumOfWeights_LHEPDFweights72": 9319785.775794603,
  "nSumOfWeights_LHEPDFweights73": 9317165.766535018,
  "nSumOfWeights_LHEPDFweights74": 9318480.090348534,
  "nSumOfWeights_LHEPDFweights75": 9314383.867013335,
  "nSumOfWeights_LHEPDFweights76": 9316106.029169917,
  "nSumOfWeights_LHEPDFweights77": 9321157.371101856,
  "nSumOfWeights_LHEPDFweights78": 9315625.302122386,
  "nSumOfWeights_LHEPDFweights79": 9314170.66535046,
  "nSumOfWeights_LHEPDFweights80": 9316966.996125646,
  "nSumOfWeights_LHEPDFweights81": 9315853.89362239,
  "nSumOfWeights_LHEPDFweights82": 9317722.500837022,
  "nSumOfWeights_LHEPDFweights83": 9313496.93052496,
  "nSumOfWeights_LHEPDFweights84": 9319442.783615556,
  "nSumOfWeights_LHEPDFweights85": 9316465.617097676,
  "nSumOfWeights_LHEPDFweights86": 9316938.897342443,
  "nSumOfWeights_LHEPDFweights87": 9317186.704195514,
  "nSumOfWeights_LHEPDFweights88": 9320298.638377428,
  "nSumOfWeights_LHEPDFweights89": 9319207.18405056,
  "nSumOfWeights_LHEPDFweights90": 9317789.683357835,
  "nSumOfWeights_LHEPDFweights91": 9318401.099523662,
  "nSumOfWeights_LHEPDFweights92": 9316508.995661635,
  "nSumOfWeights_LHEPDFweights93": 9317721.797720179,
  "nSumOfWeights_LHEPDFweights94": 9313687.399406105,
  "nSumOfWeights_LHEPDFweights95": 9315600.249722403,
  "nSumOfWeights_LHEPDFweights96": 9316709.102437258,
  "nSumOfWeights_LHEPDFweights97": 9317238.071278095,
  "nSumOfWeights_LHEPDFweights98": 9317343.672902286,
  "nSumOfWeights_LHEPDFweights99": 9316819.77147317,
  "nSumOfWeights_LHEPDFweights100": 9317040.092445374,
  "nSumOfWeights_LHEPDFweights101": 9183702.327966169,
  "nSumOfWeights_LHEPDFweights102": 9424614.666478302,
  "nSumOfWeights_hdampUp": 9317324.689750671,
  "nSumOfWeights_hdampDown": 9317324.689750671,
  "nSumOfWeights_toppt": 9317324.689750671
}