{
  "xsec": 18610.0,
  "year": "2018",
  "treeName": "Events",
  "histAxisName": "DY10to50_centralUL18",
  "options": "",
  "WCnames": [],
  "files": [
    "/store/user/hnelson2/skims/mc/ptSkim/DY/UL18_DY10to50/output_678.root",
    "/store/user/hnelson2/skims/mc/ptSkim/DY/UL18_DY10to50/output_683.root"
  ],
  "nEvents": 94452816,
  "nSumOfWeights": 94452816.0,
  "isData": false,
  "path": "/store/mc/RunIISummer20UL18NanoAODv9/DYJetsToLL_M-10to50_TuneCP5_13TeV-madgraphMLM-pythia8/NANOAODSIM/106X_upgrade2018_realistic_v16_L1v1-v1/",
  "nSumOfWeights_ISRUp": 94892021.50939971,
  "nSumOfWeights_ISRDown": 93873669.45053692,
  "nSumOfWeights_FSRUp": 94495859.08495712,
  "nSumOfWeights_FSRDown": 94389397.82335854,
  "nSumOfWeights_renormUp": 94132045.09048462,
  "nSumOfWeights_renormDown": 94879302.30828857,
  "nSumOfWeights_factUp": 129991215.87109375,
  "nSumOfWeights_factDown": 63426395.34671061,
  "nSumOfWeights_renormfactUp": 129638147.3102417,
  "nSumOfWeights_renormfactDown": 63802655.482193395,
  "nSumOfWeights_LHEPDFweights0": 94452816.0,
  "nSumOfWeights_LHEPDFweights1": 91277911.70456007,
  "nSumOfWeights_LHEPDFweights2": 96453264.24707031,
  "nSumOfWeights_LHEPDFweights3": 93130506.70104107,
  "nSumOfWeights_LHEPDFweights4": 93637740.24404192,
  "nSumOfWeights_LHEPDFweights5": 93949422.23368359,
  "nSumOfWeights_LHEPDFweights6": 95544661.05344367,
  "nSumOfWeights_LHEPDFweights7": 94462287.29984856,
  "nSumOfWeights_LHEPDFweights8": 93441575.53516603,
  "nSumOfWeights_LHEPDFweights9": 94989555.37820034,
  "nSumOfWeights_LHEPDFweights10": 94606448.55902836,
  "nSumOfWeights_LHEPDFweights11": 94654310.17080331,
  "nSumOfWeights_LHEPDFweights12": 94214152.46491407,
  "nSumOfWeights_LHEPDFweights13": 94600072.54073179,
  "nSumOfWeights_LHEPDFweights14": 94161084.0532732,
  "nSumOfWeights_LHEPDFweights15": 94303820.2949018,
  "nSumOfWeights_LHEPDFweights16": 94449792.797432,
  "nSumOfWeights_LHEPDFweights17": 94252307.59186924,
  "nSumOfWeights_LHEPDFweights18": 94544174.02740768,
  "nSumOfWeights_LHEPDFweights19": 94440741.17706898,
  "nSumOfWeights_LHEPDFweights20": 94482429.20294666,
  "nSumOfWeights_LHEPDFweights21": 94616327.62430999,
  "nSumOfWeights_LHEPDFweights22": 94598698.18659982,
  "nSumOfWeights_LHEPDFweights23": 94352219.40257263,
  "nSumOfWeights_LHEPDFweights24": 94383918.05052185,
  "nSumOfWeights_LHEPDFweights25": 94610686.27259074,
  "nSumOfWeights_LHEPDFweights26": 94266087.36116026,
  "nSumOfWeights_LHEPDFweights27": 94577871.27792907,
  "nSumOfWeights_LHEPDFweights28": 94443347.14474913,
  "nSumOfWeights_LHEPDFweights29": 94692429.11682223,
  "nSumOfWeights_LHEPDFweights30": 94459951.16824505,
  "nSumOfWeights_LHEPDFweights31": 94563108.2108333,
  "nSumOfWeights_LHEPDFweights32": 94488688.33863068,
  "nSumOfWeights_LHEPDFweights33": 94356972.78108656,
  "nSumOfWeights_LHEPDFweights34": 94520601.87377644,
  "nSumOfWeights_LHEPDFweights35": 94429221.24174057,
  "nSumOfWeights_LHEPDFweights36": 94493771.8058548,
  "nSumOfWeights_LHEPDFweights37": 94428149.45237492,
  "nSumOfWeights_LHEPDFweights38": 94627148.01954651,
  "nSumOfWeights_LHEPDFweights39": 94549239.61199167,
  "nSumOfWeights_LHEPDFweights40": 94517387.45492497,
  "nSumOfWeights_LHEPDFweights41": 94492651.46788025,
  "nSumOfWeights_LHEPDFweights42": 94370707.0190843,
  "nSumOfWeights_LHEPDFweights43": 94443001.19933066,
  "nSumOfWeights_LHEPDFweights44": 94440450.5051277,
  "nSumOfWeights_LHEPDFweights45": 94482581.58230709,
  "nSumOfWeights_LHEPDFweights46": 94532639.75523889,
  "nSumOfWeights_LHEPDFweights47": 94473327.56713703,
  "nSumOfWeights_LHEPDFweights48": 94384625.28575134,
  "nSumOfWeights_LHEPDFweights49": 94465217.15409707,
  "nSumOfWeights_LHEPDFweights50": 94556739.34958509,
  "nSumOfWeights_LHEPDFweights51": 94443397.85504103,
  "nSumOfWeights_LHEPDFweights52": 94404016.17136604,
  "nSumOfWeights_LHEPDFweights53": 94425390.0005807,
  "nSumOfWeights_LHEPDFweights54": 94523783.26682699,
  "nSumOfWeights_LHEPDFweights55": 94553316.52836025,
  "nSumOfWeights_LHEPDFweights56": 94448904.32576251,
  "nSumOfWeights_LHEPDFweights57": 94415059.71724701,
  "nSumOfWeights_LHEPDFweights58": 94461160.0916839,
  "nSumOfWeights_LHEPDFweights59": 94439378.73907089,
  "nSumOfWeights_LHEPDFweights60": 94376958.3939343,
  "nSumOfWeights_LHEPDFweights61": 94509714.43865246,
  "nSumOfWeights_LHEPDFweights62": 94397425.36867523,
  "nSumOfWeights_LHEPDFweights63": 94471252.24588956,
  "nSumOfWeights_LHEPDFweights64": 94475860.48382157,
  "nSumOfWeights_LHEPDFweights65": 94413783.81096792,
  "nSumOfWeights_LHEPDFweights66": 94482046.83945638,
  "nSumOfWeights_LHEPDFweights67": 94454536.20789766,
  "nSumOfWeights_LHEPDFweights68": 94431623.48170769,
  "nSumOfWeights_LHEPDFweights69": 94445869.43006779,
  "nSumOfWeights_LHEPDFweights70": 94427621.60588804,
  "nSumOfWeights_LHEPDFweights71": 94429321.38907814,
  "nSumOfWeights_LHEPDFweights72": 94507126.59905243,
  "nSumOfWeights_LHEPDFweights73": 94421478.17304748,
  "nSumOfWeights_LHEPDFweights74": 94448785.64752245,
  "nSumOfWeights_LHEPDFweights75": 94409064.91552353,
  "nSumOfWeights_LHEPDFweights76": 94437433.37188339,
  "nSumOfWeights_LHEPDFweights77": 94470587.46520376,
  "nSumOfWeights_LHEPDFweights78": 94394415.30250621,
  "nSumOfWeights_LHEPDFweights79": 94447829.38242614,
  "nSumOfWeights_LHEPDFweights80": 94460295.49421115,
  "nSumOfWeights_LHEPDFweights81": 94440714.65833071,
  "nSumOfWeights_LHEPDFweights82": 94415615.36921692,
  "nSumOfWeights_LHEPDFweights83": 94382346.7589573,
  "nSumOfWeights_LHEPDFweights84": 94471570.38386536,
  "nSumOfWeights_LHEPDFweights85": 94458321.85799207,
  "nSumOfWeights_LHEPDFweights86": 94454673.97985268,
  "nSumOfWeights_LHEPDFweights87": 94420263.56057394,
  "nSumOfWeights_LHEPDFweights88": 94484084.55740428,
  "nSumOfWeights_LHEPDFweights89": 94430878.54440308,
  "nSumOfWeights_LHEPDFweights90": 94458636.75055182,
  "nSumOfWeights_LHEPDFweights91": 94453541.5371399,
  "nSumOfWeights_LHEPDFweights92": 94470198.67785645,
  "nSumOfWeights_LHEPDFweights93": 94495245.87051965,
  "nSumOfWeights_LHEPDFweights94": 94427508.23544312,
  "nSumOfWeights_LHEPDFweights95": 94439671.9812141,
  "nSumOfWeights_LHEPDFweights96": 94469348.02692603,
  "nSumOfWeights_LHEPDFweights97": 94500563.70085144,
  "nSumOfWeights_LHEPDFweights98": 94463823.38600159,
  "nSumOfWeights_LHEPDFweights99": 94455726.74311829,
  "nSumOfWeights_LHEPDFweights100": 94452816.0,
  "nSumOfWeights_LHEPDFweights101": 92924115.90796137,
  "nSumOfWeights_LHEPDFweights102": 96494170.57281947,
  "nSumOfWeights_hdampUp": 94452816.0,
  "nSumOfWeights_hdampDown": 94452816.0,
  "nSumOfWeights_toppt": 94452816.0
}